wosarticle__ti,wosarticle__py,wosarticle__doc,wosarticle__di,docproject__relevant,redirect_url
The European Commission on Sustainable Development. A New Normative Power in Its Making?,,5213276,http://dx.doi.org/10.1080/07360932.2022.2032255,Yes (1),https://www.tandfonline.com/doi/full/10.1080/07360932.2022.2032255
"""Keeping it up"" is out of the question - steel construction production must become climate-neutral",,5231885,http://dx.doi.org/10.1002/stab.202200012,Yes (1),
From carbon neutral to climate neutral: Dynamic life cycle assessment for wood-based panels produced in China,,5339452,http://dx.doi.org/10.1111/jiec.13286,Yes (1),
The Crucial Role of Bioenergy in a Climate-Neutral Energy System in Germany,,5339536,http://dx.doi.org/10.1002/ceat.202100263,Yes (1),
A bottom-up dynamic building stock model for residential energy transition: A case study for the Netherlands,2022.0,4915915,http://dx.doi.org/10.1016/j.apenergy.2021.118060,Yes (1),https://linkinghub.elsevier.com/retrieve/pii/S0306261921013507
Destination net-zero: what does the international energy agency roadmap mean for tourism?,2022.0,4916232,http://dx.doi.org/10.1080/09669582.2021.1962890,Yes (1),https://www.tandfonline.com/doi/full/10.1080/09669582.2021.1962890
Possibilities of Ammonia as Both Fuel and NOx Reductant in Marine Engines: A Numerical Study,2022.0,4947789,http://dx.doi.org/10.3390/jmse10010043,Yes (1),https://www.mdpi.com/2077-1312/10/1/43/htm
Potential effects of the EU's carbon border adjustment mechanism on the Turkish economy,2022.0,5196097,http://dx.doi.org/10.1007/s10668-021-01779-1,Yes (1),https://link.springer.com/article/10.1007/s10668-021-01779-1
INCREASING AMBITION TO REDUCE THE CARBON TRACE OF MULTIMODAL TRANSPORTATION IN THE CONDITIONS OF UKRAINE'S ECONOMY TRANSFORMATION TOWARDS CLIMATE NEUTRALITY,2022.0,5196509,http://dx.doi.org/10.15407/scine18.01.096,Yes (1),https://scinn-eng.org.ua/ojs/index.php/ni/article/view/168
Rethinking carbon-neutral built environment: Urban dynamics and scenario analysis,2022.0,5205985,http://dx.doi.org/10.1016/j.enbuild.2021.111672,Yes (1),https://linkinghub.elsevier.com/retrieve/pii/S0378778821009567
A strong mitigation scenario maintains climate neutrality of northern peatlands,2022.0,5212930,http://dx.doi.org/10.1016/j.oneear.2021.12.008,Yes (1),https://linkinghub.elsevier.com/retrieve/pii/S2590332221007260
Land-based climate change mitigation measures can affect agricultural markets and food security,2022.0,5220098,http://dx.doi.org/10.1038/s43016-022-00464-4,Yes (1),https://www.nature.com/articles/s43016-022-00464-4
Enhanced Atmospheric Water Harvesting with Sunlight-Activated Sorption Ratcheting,2022.0,5224781,http://dx.doi.org/10.1021/acsami.1c18852,Yes (1),
Spatio-Temporal Assessment of Biomass Self-Sufficiency in the European Union,2022.0,5228166,http://dx.doi.org/10.3390/su14031897,Yes (1),https://www.mdpi.com/2071-1050/14/3/1897/htm
"Climate change in the Western Balkans and EU Green Deal: status, mitigation and challenges",2022.0,5228439,http://dx.doi.org/10.1186/s13705-021-00328-y,Yes (1),https://energsustainsoc.biomedcentral.com/articles/10.1186/s13705-021-00328-y
A Comprehensive Workflow for High Resolution 3D Solar Photovoltaic Potential Mapping in Dense Urban Environment: A Case Study on Campus of Delft University of Technology,2022.0,5229551,http://dx.doi.org/10.1002/solr.202100478,Yes (1),
Quantification of the carbon intensity of electricity produced and used in Europe,2022.0,5231782,http://dx.doi.org/10.1016/j.apenergy.2021.117901,Yes (1),https://linkinghub.elsevier.com/retrieve/pii/S0306261921012149
Inter-Municipal Methodology for Climate Transition Strategies: The First Case in Italy,2022.0,5236256,http://dx.doi.org/10.3390/su14052529,Yes (1),https://www.mdpi.com/2071-1050/14/5/2529/htm
The Impact of the European Green Deal on EU Environmental Policy,2022.0,5242520,http://dx.doi.org/10.1177/10704965221082222,Yes (1),
My Fault or Default-Household Behaviors Living in a Climate-Smart Building,2022.0,5246866,http://dx.doi.org/10.3390/buildings12020245,Yes (1),https://www.mdpi.com/2075-5309/12/2/245/htm
Hydrogen sourcing strategies and cross-sectoral flexibility trade-offs in net-neutral energy scenarios for Europe,2022.0,5248863,http://dx.doi.org/10.1016/j.energy.2021.121598,Yes (1),https://linkinghub.elsevier.com/retrieve/pii/S0360544221018466
Renewable carbon opportunities in the production of succinic acid applying attributional and consequential modelling,2022.0,5248902,http://dx.doi.org/10.1016/j.cej.2021.132011,Yes (1),https://linkinghub.elsevier.com/retrieve/pii/S1385894721035907
Climate Protection and Sustainable Mobility through Green Hydrogen,2022.0,5248911,http://dx.doi.org/10.1002/cite.202100156,Yes (1),
The Analysis of Public Funds Utilization Efficiency for Climate Neutrality in the European Union Countries,2022.0,5249891,http://dx.doi.org/10.3390/en15020581,Yes (1),https://www.mdpi.com/1996-1073/15/2/581/htm
A new approach for coupling the short- and long-term planning models to design a pathway to carbon neutrality in a coal-based power system,2022.0,5282708,http://dx.doi.org/10.1016/j.energy.2021.122438,Yes (1),https://linkinghub.elsevier.com/retrieve/pii/S0360544221026876
Techno-economic assessment of the FReSMe technology for CO2 emissions mitigation and methanol production from steel plants,2022.0,5293044,http://dx.doi.org/10.1016/j.jcou.2021.101852,Yes (1),https://linkinghub.elsevier.com/retrieve/pii/S2212982021004194
Renewable natural gas as climate-neutral energy carrier?,2022.0,5293154,http://dx.doi.org/10.1016/j.fuel.2021.122547,Yes (1),https://linkinghub.elsevier.com/retrieve/pii/S0016236121024169
Transitioning to energy efficient housing: Drivers and barriers of intermediaries in heat pump technology,2022.0,5313256,http://dx.doi.org/10.1016/j.enpol.2021.112709,Yes (1),https://linkinghub.elsevier.com/retrieve/pii/S0301421521005747
MATRYCS-A Big Data Architecture for Advanced Services in the Building Domain,2022.0,5316749,http://dx.doi.org/10.3390/en15072568,Yes (1),https://www.mdpi.com/1996-1073/15/7/2568/htm
Green manufacturers' power strategy in the smart grid era,2022.0,5317634,http://dx.doi.org/10.1016/j.cie.2021.107836,Yes (1),https://linkinghub.elsevier.com/retrieve/pii/S0360835221007403
State-of-the-art sustainable approaches for deeper decarbonization in Europe-An endowment to climate neutral vision,2022.0,5318148,http://dx.doi.org/10.1016/j.rser.2022.112204,Yes (1),https://linkinghub.elsevier.com/retrieve/pii/S1364032122001277
On wholesale electricity prices and market values in a carbon-neutral energy system,2022.0,5318454,http://dx.doi.org/10.1016/j.eneco.2021.105709,Yes (1),https://linkinghub.elsevier.com/retrieve/pii/S0140988321005600
STUDY ON POTENTIAL ROLE AND BENEFITS OF LIQUIFIED NATURAL GAS IMPORT TERMINAL IN LATVIA,2022.0,5318563,http://dx.doi.org/10.2478/lpts-2022-0010,Yes (1),https://www.sciendo.com/article/10.2478/lpts-2022-0010
GOBLIN version 1.0: a land balance model to identify national agriculture and land use pathways to climate neutrality via backcasting,2022.0,5339416,http://dx.doi.org/10.5194/gmd-15-2239-2022,Yes (1),https://gmd.copernicus.org/articles/15/2239/2022/
Energy Community in Action-Energy Citizenship Contract as Tool for Climate Neutrality,2022.0,5339425,http://dx.doi.org/10.3390/smartcities5010018,Yes (1),https://www.mdpi.com/2624-6511/5/1/18/htm
"Data Fusion in Earth Observation and the Role of Citizen as a Sensor: A Scoping Review of Applications, Methods and Future Trends",2022.0,5339426,http://dx.doi.org/10.3390/rs14051263,Yes (1),https://www.mdpi.com/2072-4292/14/5/1263/htm
A Fuzzy Mathematical Model to Estimate the Energy Cost for Heat Pump System,2022.0,5339435,http://dx.doi.org/10.1007/978-3-030-93817-8_70,Yes (1),https://link.springer.com/chapter/10.1007/978-3-030-93817-8_70
Strategies of European Energy Producers: Directions of Evolution,2022.0,5339502,http://dx.doi.org/10.3390/en15020609,Yes (1),https://www.mdpi.com/1996-1073/15/2/609/htm
Analysis of the level of energy security in the three seas initiative countries,2022.0,5339537,http://dx.doi.org/10.1016/j.apenergy.2022.118649,Yes (1),https://linkinghub.elsevier.com/retrieve/pii/S0306261922001179
<p>Potential GHG emission benefits of Asparagopsis taxiformis feed supplement in Australian beef cattle feedlots</p>,2022.0,5339548,http://dx.doi.org/10.1016/j.jclepro.2022.130499,Yes (1),https://linkinghub.elsevier.com/retrieve/pii/S0959652622001421
Fair mobility budgets: A concept for achieving climate neutrality and transport equity,2022.0,5339550,http://dx.doi.org/10.1016/j.trd.2021.103165,Yes (1),https://linkinghub.elsevier.com/retrieve/pii/S1361920921004600
Going Conservative or Conventional? Investigating Farm Management Strategies in between Economic and Environmental Sustainability in Southern Italy,2022.0,5339552,http://dx.doi.org/10.3390/agronomy12030597,Yes (1),https://www.mdpi.com/2073-4395/12/3/597/htm
Reconciling the micro- and macro-perspective in agricultural energy efficiency analysis for sustainable development,2022.0,5339553,http://dx.doi.org/10.1002/sd.2235,Yes (1),
Energy System Development Scenarios: Case of Poland,2022.0,5339555,http://dx.doi.org/10.3390/en15082962,Yes (1),https://www.mdpi.com/1996-1073/15/8/2962/htm
Potential of Energy Savings in the Public Housing Stock of Comunitat Valenciana Region by Applying the MedZEB Cost-Optimal Methodology,2022.0,5339556,http://dx.doi.org/10.3390/app12010138,Yes (1),https://www.mdpi.com/2076-3417/12/1/138/htm
Developing policy packages for low-carbon passenger transport: A mixed methods analysis of trade-offs and synergies,2022.0,5339557,http://dx.doi.org/10.1016/j.ecolecon.2021.107304,Yes (1),https://linkinghub.elsevier.com/retrieve/pii/S0921800921003633
The Paradox of the New Great Game: Do Europe and China Need More Pipelines from Eurasia?,2022.0,5339560,http://dx.doi.org/10.1080/19448953.2021.1992192,Yes (1),https://www.tandfonline.com/doi/full/10.1080/19448953.2021.1992192
A Roadmap for Transforming Research to Invent the Batteries of the Future Designed within the European Large Scale Research Initiative BATTERY 2030+,2022.0,5339563,http://dx.doi.org/10.1002/aenm.202102785,Yes (1),
European Forest Governance: Status Quo and Optimising Options with Regard to the Paris Climate Target,2022.0,5339564,http://dx.doi.org/10.3390/su14074365,Yes (1),https://www.mdpi.com/2071-1050/14/7/4365/htm
The Boundaries of Scientific Innovation in the EU Green Deal Context,2022.0,5339568,http://dx.doi.org/10.2478/rtucct-2022-0010,Yes (1),
Safe- and sustainable-by-design: The case of Smart Nanomaterials. A perspective based on a European workshop,2022.0,5339573,http://dx.doi.org/10.1016/j.yrtph.2021.105093,Yes (1),https://linkinghub.elsevier.com/retrieve/pii/S0273230021002348
Advanced Carbon Reinforced Concrete Technologies for Facade Elements of Nearly Zero-Energy Buildings,2022.0,5339574,http://dx.doi.org/10.3390/ma15041619,Yes (1),https://www.mdpi.com/1996-1944/15/4/1619/htm
Seaweed's Role in Energetic Transition-From Environmental Pollution Challenges to Enhanced Electrochemical Devices,2022.0,5339575,http://dx.doi.org/10.3390/biology11030458,Yes (1),https://www.mdpi.com/2079-7737/11/3/458/htm
Mining Waste as a Potential Additional Source of HREE and U for the European Green Deal: A Case Study of Bangka Island (Indonesia),2022.0,5339581,http://dx.doi.org/10.3390/min12010044,Yes (1),https://www.mdpi.com/2075-163X/12/1/44/htm
The Implementation of the European Green Deal Strategy as a Challenge for Energy Management in the Face of the COVID-19 Pandemic,2022.0,5339583,http://dx.doi.org/10.3390/en15072662,Yes (1),https://www.mdpi.com/1996-1073/15/7/2662/htm
"Catalysis for e-Chemistry: Need and Gaps for a Future De-Fossilized Chemical Production, with Focus on the Role of Complex (Direct) Syntheses by Electrocatalysis",2022.0,5339604,http://dx.doi.org/10.1021/acscatal.2c00099,Yes (1),
Transforming catalysis to produce e-fuels: Prospects and gaps,2022.0,5339618,http://dx.doi.org/10.1016/S1872-2067(21)64016,Yes (1),
MyPyPSA-Ger: Introducing CO2 taxes on a multi-regional myopic roadmap of the German electricity system towards achieving the 1.5 degrees C target by 2050,2022.0,5339626,http://dx.doi.org/10.1016/j.apenergy.2022.118576,Yes (1),https://linkinghub.elsevier.com/retrieve/pii/S0306261922000587
"The circular economy in China: Achievements, challenges and potential implications for decarbonisation",2022.0,5339628,http://dx.doi.org/10.1016/j.resconrec.2022.106350,Yes (1),https://linkinghub.elsevier.com/retrieve/pii/S0921344922001951
Can energy sector reach carbon neutrality with biomass limitations?,2022.0,5339629,http://dx.doi.org/10.1016/j.energy.2022.123797,Yes (1),https://linkinghub.elsevier.com/retrieve/pii/S0360544222007009
Barriers and Driving Factors for Sustainable Development of CO2 Valorisation,2022.0,5339630,http://dx.doi.org/10.3390/su14095054,Yes (1),https://www.mdpi.com/2071-1050/14/9/5054/htm
Analyzing the Macro-Economic and Employment Implications of Ambitious Mitigation Pathways and Carbon Pricing,2022.0,5339633,http://dx.doi.org/10.3389/fclim.2022.785136,Yes (1),https://www.frontiersin.org/articles/10.3389/fclim.2022.785136/full
Material Diets for Climate-Neutral Construction,2022.0,5339634,http://dx.doi.org/10.1021/acs.est.1c05895,Yes (1),
Risk-adjusted preferences of utility companies and institutional investors for battery storage and green hydrogen investment,2022.0,5339636,http://dx.doi.org/10.1016/j.enpol.2022.112821,Yes (1),https://linkinghub.elsevier.com/retrieve/pii/S0301421522000465
"Negative CO2 emissions from flexible biofuel synthesis: Concepts, potentials, technologies",2022.0,5339637,http://dx.doi.org/10.1016/j.rser.2022.112120,Yes (1),https://linkinghub.elsevier.com/retrieve/pii/S136403212200048X
Public Perceptions on the Procedural Values and Proposed Outcomes of the Finnish Climate Change Act Amendment,2022.0,5339640,http://dx.doi.org/10.3389/fclim.2021.657241,Yes (1),https://www.frontiersin.org/articles/10.3389/fclim.2021.657241/full
What energy infrastructure will be needed by 2050 in the EU to support 1.5°C scenarios?,2022.0,5339641,http://dx.doi.org/10.12688/f1000research.109399.1,Yes (1),https://f1000research.com/articles/11-387/v1
New generation flexible printed photovoltaic,2022.0,5339644,http://dx.doi.org/10.1016/B978-0-12-823147-0.00013-6,Yes (1),https://linkinghub.elsevier.com/retrieve/pii/B9780128231470000136
Palm oil biomass global supply chain: Environmental emissions vs. technology development of maritime transportation,2022.0,5339646,http://dx.doi.org/10.1016/j.procir.2022.02.135,Yes (1),https://linkinghub.elsevier.com/retrieve/pii/S2212827122001366
MATLAB/Simulink simulation of low-pressure PEM electrolyzer stack,2022.0,5339647,http://dx.doi.org/10.1016/j.ijhydene.2022.03.092,Yes (1),https://linkinghub.elsevier.com/retrieve/pii/S0360319922011296
FROM FOSSIL FUEL SOCIETY TO LOW-CARBON SOCIETY: SMART CITIES AS A FACILITATING STRATEGY,2022.0,5339648,http://dx.doi.org/10.3989/arbor.2022.803-804003,Yes (1),https://arbor.revistas.csic.es/index.php/arbor/article/view/2457
"Primeval Forests, Natural and Managed Forests in the Context of Biodiversity and Climate Protection – Part 2: The narrative of the climate neutrality of wood as a resource",2022.0,5339650,http://dx.doi.org/10.1399/NuL.2022.01.02,Yes (1),"https://www.nul-online.de/Urwaelder-Natur-und-Wirtschaftswaelder-im-Kontext-von-Biodiversitaets-und-Klimaschutz,QUlEPTcwNDU5NzAmTUlEPTExMTE.html?UID=69129E595371F0C401B011F7FB84DB2F85BA034AD23704"
Looking for sustainable development: Socially responsible mutual funds and the low-carbon economy,2021.0,4292991,http://dx.doi.org/10.1002/bse.2713,Yes (1),
Circular economy: national and global policy-overview,2021.0,4293295,http://dx.doi.org/10.1007/s10098-020-01988-8,Yes (1),https://link.springer.com/article/10.1007/s10098-020-01988-8
The analysis of similarities between the European Union countries in terms of the level and structure of the emissions of selected gases and air pollutants into the atmosphere,2021.0,4305399,http://dx.doi.org/10.1016/j.jclepro.2020.123641,Yes (1),https://linkinghub.elsevier.com/retrieve/pii/S0959652620336866
The making of green steel in the EU: a policy evaluation for the early commercialization phase,2021.0,4380509,http://dx.doi.org/10.1080/14693062.2020.1803040,Yes (1),https://www.tandfonline.com/doi/full/10.1080/14693062.2020.1803040
Novel Use of Green Hydrogen Fuel Cell-Based Combined Heat and Power Systems to Reduce Primary Energy Intake and Greenhouse Emissions in the Building Sector,2021.0,4492345,http://dx.doi.org/10.3390/su13041776,Yes (1),https://www.mdpi.com/2071-1050/13/4/1776/htm
Which countries are prepared to green their coal-based steel industry with electricity? - Reviewing climate and energy policy as well as the implementation of renewable electricity,2021.0,4685398,http://dx.doi.org/10.1016/j.rser.2021.110938,Yes (1),https://linkinghub.elsevier.com/retrieve/pii/S1364032121002306
Climate neutral livestock production - A radiative forcing -based climate footprint approach,2021.0,4685406,http://dx.doi.org/10.1016/j.jclepro.2020.125260,Yes (1),https://linkinghub.elsevier.com/retrieve/pii/S095965262035304X
The role of the European small ruminant dairy sector in stabilising global temperatures: lessons from GWP* warming-equivalent emission metrics,2021.0,4685509,http://dx.doi.org/10.1017/S0022029921000157,Yes (1),https://www.cambridge.org/core/journals/journal-of-dairy-research/article/role-of-the-european-small-ruminant-dairy-sector-in-stabilising-global-temperatures-lessons-from-gwp-warmingequivalent-emission-metrics/E830DEE36B5C8BEF07E5CB66FE0B9F7F
Digging deeper into cutting methane emissions from the oil and gas industry in the era of volatile prices,2021.0,4685512,http://dx.doi.org/10.1007/s11027-021-09948-3,Yes (1),https://link.springer.com/article/10.1007/s11027-021-09948-3
Economic Analysis of Measures for GHG Emission Reduction,2021.0,4685528,http://dx.doi.org/10.3390/su13041712,Yes (1),https://www.mdpi.com/2071-1050/13/4/1712/htm
Agroforestry to Achieve Global Climate Adaptation and Mitigation Targets: Are South Asian Countries Sufficiently Prepared?,2021.0,4685600,http://dx.doi.org/10.3390/f12030303,Yes (1),https://www.mdpi.com/1999-4907/12/3/303/htm
Diets within Environmental Limits: The Climate Impact of Current and Recommended Australian Diets,2021.0,4685621,http://dx.doi.org/10.3390/nu13041122,Yes (1),https://www.mdpi.com/2072-6643/13/4/1122/htm
Toward Climate-Neutral Heavy Industry: An Analysis of Industry Transition Roadmaps,2021.0,4710870,http://dx.doi.org/10.3390/app11125375,Yes (1),https://www.mdpi.com/2076-3417/11/12/5375/htm
Recent advances and challenges of inter-disciplinary biomass valorization by integrating hydrothermal and biological techniques,2021.0,4711148,http://dx.doi.org/10.1016/j.rser.2020.110370,Yes (1),https://linkinghub.elsevier.com/retrieve/pii/S1364032120306584
"Potential Deployment of Reversible Solid-Oxide Cell Systems to Valorise Organic Waste, Balance the Power Grid and Produce Renewable Methane: A Case Study in the Southern Italian Peninsula",2021.0,4751821,http://dx.doi.org/10.3389/fenrg.2021.618229,Yes (1),https://www.frontiersin.org/articles/10.3389/fenrg.2021.618229/full
"Emissions Measurements from Household Solid Fuel Use in Haryana, India: Implications for Climate and Health Co-benefits",2021.0,4777110,http://dx.doi.org/10.1021/acs.est.0c05143,Yes (1),
A multiperiod approach for waste heat and renewable energy integration of industrial sites,2021.0,4777306,http://dx.doi.org/10.1016/j.rser.2021.111232,Yes (1),https://linkinghub.elsevier.com/retrieve/pii/S1364032121005190
"Application of Multi-Criteria Decision-Making Tools for Assessing Biogas Plants: A Case Study in Reykjavik, Iceland",2021.0,4783370,http://dx.doi.org/10.3390/w13162150,Yes (1),https://www.mdpi.com/2073-4441/13/16/2150/htm
Kinetic Parameters of Nut Shells Pyrolysis,2021.0,4791430,http://dx.doi.org/10.3390/en14030682,Yes (1),https://www.mdpi.com/1996-1073/14/3/682/htm
A New Perspective for Climate Change Mitigation-Introducing Carbon-Negative Hydrogen Production from Biomass with Carbon Capture and Storage (HyBECCS),2021.0,4824064,http://dx.doi.org/10.3390/su13074026,Yes (1),https://www.mdpi.com/2071-1050/13/7/4026/htm
Sustainable Development Model of Performance of Woodworking Enterprises in the Czech Republic,2021.0,4829012,http://dx.doi.org/10.3390/f12060672,Yes (1),https://www.mdpi.com/1999-4907/12/6/672/htm
Sewage Sludge Treatment by Hydrothermal Carbonization: Feasibility Study for Sustainable Nutrient Recovery and Fuel Production,2021.0,4830516,http://dx.doi.org/10.3390/en14092697,Yes (1),https://www.mdpi.com/1996-1073/14/9/2697/htm
A System Integration Analysis of a Molten Carbonate Electrolysis Cell as an Off-Gas Recovery System in a Steam-Reforming Process of an Oil Refinery,2021.0,4839880,http://dx.doi.org/10.3389/fenrg.2021.655915,Yes (1),https://www.frontiersin.org/articles/10.3389/fenrg.2021.655915/full
Substitution of beef with pea protein reduces the environmental footprint of meat balls whilst supporting health and climate stabilisation goals,2021.0,4857774,http://dx.doi.org/10.1016/j.jclepro.2021.126447,Yes (1),https://linkinghub.elsevier.com/retrieve/pii/S0959652621006673
"Measuring the level of environmental performance in insular areas, through key performed indicators, in the framework of waste strategy development",2021.0,4857954,http://dx.doi.org/10.1016/j.scitotenv.2020.141974,Yes (1),https://linkinghub.elsevier.com/retrieve/pii/S0048969720355030
"Biomethanation of agricultural residues: Potential, limitations and possible solutions",2021.0,4878454,http://dx.doi.org/10.1016/j.rser.2020.110217,Yes (1),https://linkinghub.elsevier.com/retrieve/pii/S1364032120305062
Biomass Sea-Based Supply Chains and the Secondary Ports in the Era of Decarbonization,2021.0,4878524,http://dx.doi.org/10.3390/en14071796,Yes (1),https://www.mdpi.com/1996-1073/14/7/1796/htm
How to define (net) zero greenhouse gas emissions buildings: The results of an international survey as part of IEA EBC annex 72,2021.0,4907792,http://dx.doi.org/10.1016/j.buildenv.2021.107619,Yes (1),https://linkinghub.elsevier.com/retrieve/pii/S0360132321000329
Defining national biogenic methane targets: Implications for national food production & climate neutrality objectives,2021.0,4912001,http://dx.doi.org/10.1016/j.jenvman.2021.113058,Yes (1),https://linkinghub.elsevier.com/retrieve/pii/S0301479721011208
Equity implications of climate policy: Assessing the social and distributional impacts of emission reduction targets in the European Union,2021.0,4913336,http://dx.doi.org/10.1016/j.energy.2021.121591,Yes (1),https://linkinghub.elsevier.com/retrieve/pii/S0360544221018399
Solar-photovoltaic-power-sharing-based design optimization of distributed energy storage systems for performance improvements,2021.0,4914250,http://dx.doi.org/10.1016/j.energy.2021.119931,Yes (1),https://linkinghub.elsevier.com/retrieve/pii/S0360544221001808
Are green cities sustainable? A degrowth critique of sustainable urban development in Copenhagen,2021.0,4916413,http://dx.doi.org/10.1080/09654313.2020.1841119,Yes (1),https://www.tandfonline.com/doi/full/10.1080/09654313.2020.1841119
Valorization Methodology for Agriculture Sector Climate Change Mitigation Measures,2021.0,4927073,http://dx.doi.org/10.2478/rtuect-2021-0071,Yes (1),https://www.sciendo.com/article/10.2478/rtuect-2021-0071
"A health economic assessment of air pollution effects under climate neutral vehicle fleet scenarios in Stockholm, Sweden",2021.0,4927284,http://dx.doi.org/10.1016/j.jth.2021.101084,Yes (1),https://linkinghub.elsevier.com/retrieve/pii/S2214140521001146
A Multi-Criteria Decision Process for EV Charging Stations' Deployment: Findings from Greece,2021.0,4930587,http://dx.doi.org/10.3390/en14175441,Yes (1),https://www.mdpi.com/1996-1073/14/17/5441/htm
Engaging citizens to boost climate neutrality and greater circularity: opportunities and challenges for research and innovation,2021.0,4936066,http://dx.doi.org/10.1007/s10098-020-01902-2,Yes (1),https://link.springer.com/article/10.1007/s10098-020-01902-2
Problems of financing sources for environmental protection in strategic documents of the European Union and Poland in the new financial perspective for 2021-2027,2021.0,4939542,http://dx.doi.org/10.12775/EiP.2021.044,Yes (1),https://apcz.umk.pl/EiP/article/view/37110
Political Economy of Green Hydrogen Rollout: A Global Perspective,2021.0,4943728,http://dx.doi.org/10.3390/su132313464,Yes (1),https://www.mdpi.com/2071-1050/13/23/13464/htm
Chemical Recycling of Mixed Plastic Wastes by Pyrolysis - Pilot Scale Investigations,2021.0,4946448,http://dx.doi.org/10.1002/cite.202100102,Yes (1),
Biomass Waste Processing into Artificial Humic Substances,2021.0,4946513,http://dx.doi.org/10.2478/rtuect-2021-0047,Yes (1),https://www.sciendo.com/article/10.2478/rtuect-2021-0047
"Accelerating mitigation of climate change with sustainable development of energy, water and environment systems",2021.0,4947182,http://dx.doi.org/10.1016/j.enconman.2021.114606,Yes (1),https://linkinghub.elsevier.com/retrieve/pii/S0196890421007822
Toward Low-Carbon European Union Society: Young Poles' Perception of Climate Neutrality,2021.0,4949799,http://dx.doi.org/10.3390/en14165107,Yes (1),https://www.mdpi.com/1996-1073/14/16/5107/htm
"The Potential of Ecological Distributed Energy Generation Systems, Situation, and Perspective for Poland",2021.0,4950199,http://dx.doi.org/10.3390/en14237966,Yes (1),https://www.mdpi.com/1996-1073/14/23/7966/htm
Caught in between: credibility and feasibility of the voluntary carbon market post-2020,2021.0,5151226,http://dx.doi.org/10.1080/14693062.2021.1948384,Yes (1),https://www.tandfonline.com/doi/full/10.1080/14693062.2021.1948384
Systematization and Classification of the European Union's policy Instruments for the Implementation of the Green Deal,2021.0,5196207,http://dx.doi.org/10.17323/1996-7845-2021-04-02,Yes (1),https://iorj.hse.ru/en/2021-16-4/528353647.html
The Greenhouse Gas Absorption Potential of Russian Forests and Possibilities for Carbon Footprint Reduction for Exported Domestic Products,2021.0,5196245,http://dx.doi.org/10.1134/S1028334X21080122,Yes (1),https://link.springer.com/article/10.1134/S1028334X21080122
Key Factors Influencing the Achievement of Climate Neutrality Targets in the Manufacturing Industry: LMDI Decomposition Analysis,2021.0,5198172,http://dx.doi.org/10.3390/en14238006,Yes (1),https://www.mdpi.com/1996-1073/14/23/8006/htm
Towards a Territorially Just Climate Transition-Assessing the Swedish EU Territorial Just Transition Plan Development Process,2021.0,5198650,http://dx.doi.org/10.3390/su13137505,Yes (1),https://www.mdpi.com/2071-1050/13/13/7505/htm
NATURAL POLYMERS ON THE GLOBAL AND EUROPEAN MARKET-PRESENTATION OF RESEARCH RESULTS IN THE LUKASIEWICZ RESEARCH NETWORK-INSTITUTE OF BIOPOLYMERS AND CHEMICAL FIBERS-CASE STUDIES ON THE CELLULOSE AND CHITOSAN FIBERS,2021.0,5198819,http://dx.doi.org/10.2478/aut-2021-0033,Yes (1),https://www.sciendo.com/article/10.2478/aut-2021-0033
"Drivers, Impacts and Mitigation of Increased Sedimentation in the Hydropower Reservoirs of East Africa",2021.0,5199728,http://dx.doi.org/10.3390/land10060638,Yes (1),https://www.mdpi.com/2073-445X/10/6/638/htm
Interlinking the Renewable Electricity and Gas Sectors: A Techno-Economic Case Study for Austria,2021.0,5201225,http://dx.doi.org/10.3390/en14196289,Yes (1),https://www.mdpi.com/1996-1073/14/19/6289/htm
How Much Can Small-Scale Wind Energy Production Contribute to Energy Supply in Cities? A Case Study of Berlin,2021.0,5201498,http://dx.doi.org/10.3390/en14175523,Yes (1),https://www.mdpi.com/1996-1073/14/17/5523/htm
Building Industry and Energy Efficiency: A Review of Three Major Issues at Stake,2021.0,5201510,http://dx.doi.org/10.1007/978-3-030-86979-3_17,Yes (1),https://link.springer.com/chapter/10.1007/978-3-030-86979-3_17
"Future city visions. The energy transition towards carbon-neutrality: lessons learned from the case of Roeselare, Belgium",2021.0,5204412,http://dx.doi.org/10.1016/j.rser.2020.110612,Yes (1),https://linkinghub.elsevier.com/retrieve/pii/S1364032120308960
Hydrogen in the Strategies of the European Union Member States,2021.0,5205878,http://dx.doi.org/10.24425/gsm.2021.138660,Yes (1),https://journals.pan.pl/dlibra/publication/138660/edition/120898/content
Decarbonization of Marine Fuels-The Future of Shipping,2021.0,5205995,http://dx.doi.org/10.3390/en14144311,Yes (1),https://www.mdpi.com/1996-1073/14/14/4311/htm
Challenges of Coal Mining Regions and Municipalities in the Face of Energy Transition,2021.0,5207388,http://dx.doi.org/10.3390/en14206674,Yes (1),https://www.mdpi.com/1996-1073/14/20/6674/htm
Analysis of the Polish Hydrogen Strategy in the Context of the EU's Strategic Documents on Hydrogen,2021.0,5207400,http://dx.doi.org/10.3390/en14196382,Yes (1),https://www.mdpi.com/1996-1073/14/19/6382/htm
Energy Transition and Asset Specificity Transformation of the European Gas Market,2021.0,5207622,http://dx.doi.org/10.17323/1996-7845-2021-03-07,Yes (1),https://iorj.hse.ru/2021-16-3/517771961.html
Challenges and Opportunities of Coal Phase-Out in Western Macedonia,2021.0,5207636,http://dx.doi.org/10.3390/cli9070115,Yes (1),https://www.mdpi.com/2225-1154/9/7/115/htm
The Effectiveness of Energy Cooperatives Operating on the Capacity Market,2021.0,5215765,http://dx.doi.org/10.3390/en14113226,Yes (1),https://www.mdpi.com/1996-1073/14/11/3226/htm
Federated Digital Platforms: Value Chain Integration for Sustainable Infrastructure Planning and Delivery,2021.0,5216381,http://dx.doi.org/10.3390/su13168996,Yes (1),https://www.mdpi.com/2071-1050/13/16/8996/htm
Technological innovation and environmental taxes toward a carbon-free economy: An empirical study in the context of COP-21,2021.0,5221371,http://dx.doi.org/10.1016/j.jenvman.2021.113418,Yes (1),https://linkinghub.elsevier.com/retrieve/pii/S0301479721014808
Contribution of the Basilicata region to decarbonisation of the energy system: results of a scenario analysis,2021.0,5223475,http://dx.doi.org/10.1016/j.rser.2020.110544,Yes (1),https://linkinghub.elsevier.com/retrieve/pii/S1364032120308285
Evaluation of the Climate Impact Reduction Potential of the Water-Enhanced Turbofan (WET) Concept,2021.0,5223944,http://dx.doi.org/10.3390/aerospace8030059,Yes (1),https://www.mdpi.com/2226-4310/8/3/59/htm
"Mapping of EU Support for High Nature Value Farmlands, from the Perspective of Natural and Landscape Regions",2021.0,5227259,http://dx.doi.org/10.3390/agriculture11090864,Yes (1),https://www.mdpi.com/2077-0472/11/9/864/htm
Emission reduction strategies in the EU steel industry: Implications for business model innovation,2021.0,5229433,http://dx.doi.org/10.1111/jiec.13124,Yes (1),
The challenge of forecasting the role of biofuel in EU transport decarbonisation at 2050: A meta-analysis review of published scenarios,2021.0,5229458,http://dx.doi.org/10.1016/j.rser.2021.110715,Yes (1),https://linkinghub.elsevier.com/retrieve/pii/S1364032121000125
Impact of Spanish Offshore Wind Generation in the Iberian Electricity Market: Potential Savings and Policy Implications,2021.0,5229566,http://dx.doi.org/10.3390/en14154481,Yes (1),https://www.mdpi.com/1996-1073/14/15/4481/htm
High efficiency of the bioremoval process of Cu(II) ions with blackberry (Rubus L.) residues generated in the food industry,2021.0,5229581,http://dx.doi.org/10.5004/dwt.2021.27764,Yes (1),https://www.deswater.com/DWT_abstracts/vol_238/238_2021_174.pdf
The relevance of sustainable soil management within the European Green Deal,2021.0,5229615,http://dx.doi.org/10.1016/j.landusepol.2020.104950,Yes (1),https://linkinghub.elsevier.com/retrieve/pii/S0264837720304257
POLAND'S ENERGY SECURITY IN THE CONTEXT OF EU ENVIRONMENTAL INITIATIVES,2021.0,5229703,http://dx.doi.org/10.30525/2256-0742/2021-7-4-226-230,Yes (1),http://baltijapublishing.lv/index.php/issue/article/view/1279
Potential economic value of integrating concentrating solar power into power grids,2021.0,5229712,http://dx.doi.org/10.1016/j.cie.2021.107554,Yes (1),https://linkinghub.elsevier.com/retrieve/pii/S0360835221004587
Aero Engine Concepts Beyond 2030: Part 1-The Steam Injecting and Recovering Aero Engine,2021.0,5229721,http://dx.doi.org/10.1115/1.4048985,Yes (1),https://asmedigitalcollection.asme.org/gasturbinespower/article-abstract/143/2/021001/1089681/Aero-Engine-Concepts-Beyond-2030-Part-1-The-Steam?redirectedFrom=fulltext
Solar hydrogen from North Africa to Europe through greenstream: A simulation-based analysis of blending scenarios and production plant sizing,2021.0,5231278,http://dx.doi.org/10.1016/j.ijhydene.2021.04.065,Yes (1),https://linkinghub.elsevier.com/retrieve/pii/S0360319921013951
Dynamics of Implementation of SDG 7 Targets in EU Member States 5 Years after the Adoption of the Paris Agreement,2021.0,5231463,http://dx.doi.org/10.3390/su13158284,Yes (1),https://www.mdpi.com/2071-1050/13/15/8284/htm
Decarbonisation Pathways of Industry in TIMES Model,2021.0,5233174,http://dx.doi.org/10.2478/rtuect-2021-0023,Yes (1),https://www.sciendo.com/article/10.2478/rtuect-2021-0023
Managing sustainability risks of bioenergy in four Nordic countries,2021.0,5235273,http://dx.doi.org/10.1186/s13705-021-00290-9,Yes (1),https://energsustainsoc.biomedcentral.com/articles/10.1186/s13705-021-00290-9
Time Delay Approach to Renewable Energy in the Visegrad Group,2021.0,5235632,http://dx.doi.org/10.3390/en14071928,Yes (1),https://www.mdpi.com/1996-1073/14/7/1928/htm
The role of the committee of the regions (CoR) to implement the Green Deal at the local level: an overview of Italy,2021.0,5235788,http://dx.doi.org/10.3934/geosci.2021037,Yes (1),http://www.aimspress.com/article/doi/10.3934/geosci.2021037
Economic growth in contrast to GHG emission reduction measures in Green Deal context,2021.0,5236457,http://dx.doi.org/10.1016/j.ecolind.2021.108153,Yes (1),https://linkinghub.elsevier.com/retrieve/pii/S1470160X21008189
Carbon footprint of scenarios towards climate-neutral steel according to ISO 14067,2021.0,5237972,http://dx.doi.org/10.1016/j.jclepro.2021.128588,Yes (1),https://linkinghub.elsevier.com/retrieve/pii/S0959652621027931
Green energy transformation in Poland,2021.0,5238556,http://dx.doi.org/10.24425/bpasts.2020.136213,Yes (1),https://journals.pan.pl/dlibra/publication/136213/edition/119102/content
Enabling strategies for mixed-used PEDs: energy efficiency between smart cities and Industry 4.0,2021.0,5238632,http://dx.doi.org/10.36253/techne-10594,Yes (1),https://oaj.fupress.net/index.php/techne/article/view/10594
Analyzing energy flexibility by demand response in a Finnish district heated apartment building,2021.0,5238775,http://dx.doi.org/10.1051/e3sconf/202124609006,Yes (1),https://www.e3s-conferences.org/articles/e3sconf/abs/2021/22/e3sconf_hvac2021_09006/e3sconf_hvac2021_09006.html
Mining in Poland in Light of Energy Transition: Case Study of Changes Based on the Knowledge Economy,2021.0,5240315,http://dx.doi.org/10.3390/su132413649,Yes (1),https://www.mdpi.com/2071-1050/13/24/13649/htm
Climate warming from managed grasslands cancels the cooling effect of carbon sinks in sparsely grazed and natural grasslands,2021.0,5244026,http://dx.doi.org/10.1038/s41467-020-20406-7,Yes (1),https://www.nature.com/articles/s41467-020-20406-7
Assessing the Sustainable Development and Renewable Energy Sources Relationship in EU Countries,2021.0,5247525,http://dx.doi.org/10.3390/en14082323,Yes (1),https://www.mdpi.com/1996-1073/14/8/2323/htm
Sustainable Urban Areas for 2030 in a Post-COVID-19 Scenario: Focus on Innovative Research and Funding Frameworks to Boost Transition towards 100 Positive Energy Districts and 100 Climate-Neutral Cities,2021.0,5247677,http://dx.doi.org/10.3390/en14010216,Yes (1),https://www.mdpi.com/1996-1073/14/1/216/htm
Climate neutral in agricultural production system: a regional case from China,2021.0,5247925,http://dx.doi.org/10.1007/s11356-021-13065-8,Yes (1),https://link.springer.com/article/10.1007/s11356-021-13065-8
Modelling Long-Term Transition from Coal-Reliant to Low-Emission Power Grid and District Heating Systems in Poland,2021.0,5247984,http://dx.doi.org/10.3390/en14248389,Yes (1),https://www.mdpi.com/1996-1073/14/24/8389/htm
HEAT PUMP OPTIMIZATION STRATEGIES FOR PARTICIPATION IN PRICE-CONTROLLED DEMAND RESPONSE IN THE LATVIAN ELECTRICITY MARKET,2021.0,5248538,http://dx.doi.org/10.2478/lpts-2021-0019,Yes (1),https://www.sciendo.com/article/10.2478/lpts-2021-0019
Tightening EU ETS targets in line with the European Green Deal: Impacts on the decarbonization of the EU power sector,2021.0,5249374,http://dx.doi.org/10.1016/j.apenergy.2021.116914,Yes (1),https://linkinghub.elsevier.com/retrieve/pii/S0306261921003962
"A climate goal-based, multicriteria method for system evaluation in life cycle assessment",2021.0,5252086,http://dx.doi.org/10.1007/s11367-021-01991-1,Yes (1),https://link.springer.com/article/10.1007/s11367-021-01991-1
Role of Interfaces and Contact Formation for the Application of Lead-Free Perovskite Materials in Photovoltaic Cells,2021.0,5252892,http://dx.doi.org/10.1002/pssr.202100369,Yes (1),
Legal Regulation of Hydrogen in Germany and Ukraine as a Precondition for Energy Partnership and Energy Transition,2021.0,5253292,http://dx.doi.org/10.3390/en14248331,Yes (1),https://www.mdpi.com/1996-1073/14/24/8331/htm
The Impact of Poland's Energy Transition on the Strategies of Fossil Fuel Sector Companies-The Example of PKN Orlen Group,2021.0,5253555,http://dx.doi.org/10.3390/en14227474,Yes (1),https://www.mdpi.com/1996-1073/14/22/7474/htm
The Impact of Fleet Electrification on Carbon Emissions: A Case Study from Poland,2021.0,5253635,http://dx.doi.org/10.3390/en14206595,Yes (1),https://www.mdpi.com/1996-1073/14/20/6595/htm
Neighbourhood Modelling for Urban Sustainability Assessment,2021.0,5254159,http://dx.doi.org/10.3390/su13094654,Yes (1),https://www.mdpi.com/2071-1050/13/9/4654/htm
Assessment of emissions from residential combustion in Southeast Asia and implications for climate forcing potential,2021.0,5254375,http://dx.doi.org/10.1016/j.scitotenv.2021.147311,Yes (1),https://linkinghub.elsevier.com/retrieve/pii/S0048969721023822
Targeting net climate benefits by wood utilization in Finland: Participatory backcasting combined with quantitative scenario exploration,2021.0,5257033,http://dx.doi.org/10.1016/j.futures.2021.102833,Yes (1),https://linkinghub.elsevier.com/retrieve/pii/S0016328721001427
The Place of Photovoltaics in Poland's Energy Mix,2021.0,5258286,http://dx.doi.org/10.3390/en14051471,Yes (1),https://www.mdpi.com/1996-1073/14/5/1471/htm
The Role of BECCS in Achieving Climate Neutrality in the European Union,2021.0,5260026,http://dx.doi.org/10.3390/en14237842,Yes (1),https://www.mdpi.com/1996-1073/14/23/7842/htm
How Long Will Combustion Vehicles Be Used? Polish Transport Sector on the Pathway to Climate Neutrality,2021.0,5282331,http://dx.doi.org/10.3390/en14237871,Yes (1),https://www.mdpi.com/1996-1073/14/23/7871/htm
Towards Climate Neutrality in Poland by 2050: Assessment of Policy Implications in the Farm Sector,2021.0,5282353,http://dx.doi.org/10.3390/en14227595,Yes (1),https://www.mdpi.com/1996-1073/14/22/7595/htm
Load modelling and non-intrusive load monitoring to integrate distributed energy resources in low and medium voltage networks,2021.0,5310894,http://dx.doi.org/10.1016/j.renene.2021.07.056,Yes (1),https://linkinghub.elsevier.com/retrieve/pii/S0960148121010612
Energy-efficient controlled natural ventilation in non-residential buildings - Experimental investigation of opening durations,2021.0,5312209,http://dx.doi.org/10.1002/bapi.202100006,Yes (1),
Molten Salt Storage for Power Generation,2021.0,5339430,http://dx.doi.org/10.1002/cite.202000137,Yes (1),
Does district heating tariff motivate energy efficiency improvement?,2021.0,5339501,http://dx.doi.org/10.1016/j.egyr.2021.08.087,Yes (1),https://linkinghub.elsevier.com/retrieve/pii/S2352484721006892
Battery cost forecasting: a review of methods and results with an outlook to 2050,2021.0,5339514,http://dx.doi.org/10.1039/d1ee01530c,Yes (1),https://pubs.rsc.org/en/content/articlelanding/2021/EE/D1EE01530C
Efficiency of Implementing Climate/Energy Targets of the Europe 2020 Strategy and the Structural Diversity between Old and New Member States,2021.0,5339546,http://dx.doi.org/10.3390/en14248428,Yes (1),https://www.mdpi.com/1996-1073/14/24/8428/htm
The EUs Policies for the Green Deal Internationalization,2021.0,5339547,http://dx.doi.org/10.17323/1996-7845-2021-03-06,Yes (1),https://iorj.hse.ru/2021-16-3/519486854.html
An Interoperable BIM-Based Toolkit for Efficient Renovation in Buildings,2021.0,5339558,http://dx.doi.org/10.3390/buildings11070271,Yes (1),https://www.mdpi.com/2075-5309/11/7/271/htm
The EU's Recovery and Resilience Facility: A Next Phase in EU Socioeconomic Governance?,2021.0,5339561,http://dx.doi.org/10.17645/pag.v9i3.4290,Yes (1),https://www.cogitatiopress.com/politicsandgovernance/article/view/4290
Economies of scale in battery cell manufacturing: The impact of material and process innovations,2021.0,5339569,http://dx.doi.org/10.1016/j.apenergy.2021.116499,Yes (1),https://linkinghub.elsevier.com/retrieve/pii/S030626192100060X
Open model -based analysis of a 100% renewable and sector-coupled energy system?The case of Germany in 2050,2021.0,5339570,http://dx.doi.org/10.1016/j.apenergy.2021.116618,Yes (1),https://linkinghub.elsevier.com/retrieve/pii/S0306261921001549
"Why Renewable Fuels should be Considered in the CO2 Standards of New Cars, Vans and Trucks.",2021.0,5339586,http://dx.doi.org/10.1007/978-3-658-35588-3_1,Yes (1),https://link.springer.com/chapter/10.1007/978-3-658-35588-3_1
Die Bedeutung der Lieferkette fur den Klimafussabdruck von UnternehmenThe Relevance of the Supply Chain for the Climate Footprint of Companies,2021.0,5339592,http://dx.doi.org/10.1002/cite.202100126,Yes (1),
Variation of Absorption Angstrom Exponent in Aerosols From Different Emission Sources,2021.0,5339594,http://dx.doi.org/10.1029/2020JD034094,Yes (1),
From Low- to Net-Zero Carbon Cities: The Next Global Agenda,2021.0,5339607,http://dx.doi.org/10.1146/annurev-environ-050120-113117,Yes (1),https://www.annualreviews.org/doi/10.1146/annurev-environ-050120-113117
On European Green Deal and Sustainable Development Policy (the Case of Romania),2021.0,5339613,http://dx.doi.org/10.3390/su132112233,Yes (1),https://www.mdpi.com/2071-1050/13/21/12233/htm
Environmental performance of a geothermal power plant using a hydrothermal resource in the Southern German Molasse Basin,2021.0,5339615,http://dx.doi.org/10.1016/j.renene.2020.11.028,Yes (1),https://linkinghub.elsevier.com/retrieve/pii/S0960148120317699
Spatiotemporal Variations and Uncertainty in Crop Residue Burning Emissions over North China Plain: Implication for Atmospheric CO2 Simulation,2021.0,5339617,http://dx.doi.org/10.3390/rs13193880,Yes (1),https://www.mdpi.com/2072-4292/13/19/3880/htm
Reuse of CO2 in energy intensive process industries,2021.0,5339625,http://dx.doi.org/10.1039/d1cc03154f,Yes (1),https://pubs.rsc.org/en/content/articlelanding/2021/CC/D1CC03154F
Structural color coatings for high performance BIPV,2021.0,5339652,http://dx.doi.org/10.1088/1755-1315/855/1/012011,Yes (1),"https://validate.perfdrive.com/?ssa=127eda86-dc15-4861-9e6f-47925b1a6580&ssb=42258212488&ssc=https%3A%2F%2Fiopscience.iop.org%2Farticle%2F10.1088%2F1755-1315%2F855%2F1%2F012011&ssi=b62586e7-8427-4394-8699-88fe9bc87d49&ssk=support@shieldsquare.com&ssm=14253006393494809106460629815116&ssn=1e390e1314a3b6dea73f35204870f63c018626c6fd09-274b-4fa6-bb46e5&sso=98963e6b-cfeca2d75c1e34fbcbb07b75bfd92c77b764c3932760dbd5&ssp=33976181171654019541165404927604372&ssq=67362821291610274854212916550199335711556&ssr=MTQ1LjI1My4xMTAuMjE4&sst=Mozilla/5.0%20(X11;%20Linux%20x86_64)%20AppleWebKit/537.36%20(KHTML,%20like%20Gecko)%20Chrome/101.0.4951.64%20Safari/537.36&ssv=&ssw=&ssx=W10="
European Green Deal as a matter of security,2021.0,5339653,http://dx.doi.org/10.1088/1755-1315/900/1/012035,Yes (1),"https://validate.perfdrive.com/?ssa=c6ce1a8e-c67f-4afa-ae30-3ca909664124&ssb=00314270631&ssc=https%3A%2F%2Fiopscience.iop.org%2Farticle%2F10.1088%2F1755-1315%2F900%2F1%2F012035&ssi=0b8fcaab-8427-408b-b705-880b0e2fa827&ssk=support@shieldsquare.com&ssm=04626364189208026100029647026585&ssn=bad917ed80350b617b5f556d327867ae4e051d24a9e7-6a7a-4370-9b66a8&sso=a31f8639-99b4674dd50b521f1634d943c7f13aa07b0e2b9b5a73071f&ssp=23333378091654098660165403367437109&ssq=02960791291735350162312917000729461080217&ssr=MTQ1LjI1My4xMTAuMjE4&sst=Mozilla/5.0%20(X11;%20Linux%20x86_64)%20AppleWebKit/537.36%20(KHTML,%20like%20Gecko)%20Chrome/101.0.4951.64%20Safari/537.36&ssv=&ssw=&ssx=W10="
"Development of Renewable Energy in Lithuania: Experience, State and Trends",2021.0,5339654,http://dx.doi.org/10.5755/j01.erem.77.4.29902,Yes (1),https://erem.ktu.lt/index.php/erem/article/view/29902
Creating a Regulatory Framework for the ESG-investment in the Multimodal Transportation Development,2021.0,5339656,http://dx.doi.org/10.2478/plua-2021-0016,Yes (1),https://www.sciendo.com/article/10.2478/plua-2021-0016
R&d spending in the energy sector and achieving the goal of climate neutrality,2021.0,5339657,http://dx.doi.org/10.3390/en14237875,Yes (1),https://www.mdpi.com/1996-1073/14/23/7875/htm
The Relevance of the Supply Chain for the Climate Footprint of Companies,2021.0,5339658,http://dx.doi.org/10.1002/cite.202100126,Yes (1),
The EU climate package “Fit for 55” - a double-edged sword for Europeans and their forests and timber industry,2021.0,5339659,http://dx.doi.org/10.1016/j.forpol.2021.102596,Yes (1),https://linkinghub.elsevier.com/retrieve/pii/S1389934121002021
Emissions Trading as a Guiding Instrument for an Effective and Efficient EU Climate Policy in Transport,2021.0,5339660,http://dx.doi.org/10.1007/s10273-021-3023-1,Yes (1),https://link.springer.com/article/10.1007/s10273-021-3023-1
Added value in mechanized tunnelling by intelligent systems,2021.0,5339661,http://dx.doi.org/10.1002/geot.202100047,Yes (1),
"Comparison of Promising Sustainable C1-Fuels Methanol, Dimethyl Carbonate, and Methyl Formate in a DISI Single-Cylinder Light Vehicle Gasoline Engine",2021.0,5339662,http://dx.doi.org/10.4271/2021-01-1204,Yes (1),https://saemobilus.sae.org/content/2021-01-1204/
Global trends in aviation – new research directions,2021.0,5339664,http://dx.doi.org/10.13111/2066-8201.2021.13.3.19,Yes (1),https://bulletin.incas.ro/files/dobre-c__vol_13_iss_3.pdf
Road transport corridors to ecological transition in Spain,2021.0,5339665,http://dx.doi.org/10.2495/TDI-V5-N3-291-301,Yes (1),https://www.witpress.com/elibrary/tdi-volumes/5/3/2801
Utilisation of value for the consumer involvement in the processes of the energy sector,2021.0,5339666,http://dx.doi.org/10.6001/ENERGETIKA.V67I1.4533,Yes (1),https://www.lmaleidykla.lt/ojs/index.php/energetika/article/view/4533
The impact of Power transformers on the Energy Performance Indicators of the power distribution grids of industrial end-users transitioning towards environmental sustainability,2021.0,5339668,http://dx.doi.org/10.1109/MPS52805.2021.9492714,Yes (1),https://ieeexplore.ieee.org/document/9492714/
Design of a district heating roadmap for Hamburg,2021.0,5339670,http://dx.doi.org/10.1016/j.segy.2021.100014,Yes (1),https://linkinghub.elsevier.com/retrieve/pii/S2666955221000149
Electronic Component System to Achieve Climate Neutrality,2021.0,5339671,http://dx.doi.org/10.1109/SSI52265.2021.9467009,Yes (1),https://ieeexplore.ieee.org/document/9467009/
"Corrigendum to: How to Achieve a More Resource-Efficient and Climate-Neutral Energy System by 2030? Views of Nordic Stakeholders: Views of Nordic Stakeholders (Review of Policy Research, (e0001), 10.1111/ropr.12347)",2021.0,5339673,http://dx.doi.org/10.1111/ropr.12414,Yes (1),
"Empirical analysis of ""GHG emission avoidance"" calculation for selection of sustainable environmental projects",2021.0,5339675,http://dx.doi.org/10.18280/ijsdp.160114,Yes (1),https://www.iieta.org/journals/ijsdp/paper/10.18280/ijsdp.160114
Policies for climate-neutral road transport,2021.0,5339680,http://dx.doi.org/10.1016/B978-0-12-822143-3.00007-X,Yes (1),https://linkinghub.elsevier.com/retrieve/pii/B978012822143300007X
Toward a roadmap for electrification,2021.0,5339681,http://dx.doi.org/10.1016/B978-0-12-822143-3.00008-1,Yes (1),https://linkinghub.elsevier.com/retrieve/pii/B9780128221433000081
Introduction: Electrification and the energy transition,2021.0,5339682,http://dx.doi.org/10.1016/B978-0-12-822143-3.00006-8,Yes (1),https://linkinghub.elsevier.com/retrieve/pii/B9780128221433000068
Globally and locally applicable technologies to accelerate electrification,2021.0,5339683,http://dx.doi.org/10.1016/B978-0-12-822143-3.00005-6,Yes (1),https://linkinghub.elsevier.com/retrieve/pii/B9780128221433000056
How to accelerate electrification? The leverage of policies,2021.0,5339684,http://dx.doi.org/10.1016/B978-0-12-822143-3.00011-1,Yes (1),https://linkinghub.elsevier.com/retrieve/pii/B9780128221433000111
Toward smarter and more flexible grids,2021.0,5339685,http://dx.doi.org/10.1016/B978-0-12-822143-3.00012-3,Yes (1),https://linkinghub.elsevier.com/retrieve/pii/B9780128221433000123
Anticipating future trends in energy transition: Multilevel dynamics in energy policy agenda-setting,2021.0,5339686,http://dx.doi.org/10.1016/B978-0-12-822143-3.00009-3,Yes (1),https://linkinghub.elsevier.com/retrieve/pii/B9780128221433000093
From energy consumers to prosumers-how do policies influence the transition?,2021.0,5339687,http://dx.doi.org/10.1016/B978-0-12-822143-3.00010-X,Yes (1),https://linkinghub.elsevier.com/retrieve/pii/B978012822143300010X
How to combine various solutions in a national context?,2021.0,5339688,http://dx.doi.org/10.1016/B978-0-12-822143-3.00003-2,Yes (1),https://linkinghub.elsevier.com/retrieve/pii/B9780128221433000032
Analyzing electrification scenarios for the northern European energy system,2021.0,5339689,http://dx.doi.org/10.1016/B978-0-12-822143-3.00013-5,Yes (1),https://linkinghub.elsevier.com/retrieve/pii/B9780128221433000135
Financial sustainability in Italian Organic Farms: an analysis of the fadn Sample,2021.0,5339692,http://dx.doi.org/10.3280/ecag2021oa12766,Yes (1),https://www.medra.org/servlet/MREngine?hdl=10.3280/ecag2021oa12766
Potential role of energy communities in the way towards climate neutrality Case study of Latvia,2021.0,5339693,http://dx.doi.org/10.1109/RTUCON53541.2021.9711724,Yes (1),https://ieeexplore.ieee.org/document/9711724/
Virtual Climatization,2021.0,5339695,http://dx.doi.org/10.37544/1436-4980-2021-11-12-118,Yes (1),
Research of biomass micro-cogeneration system integration with a solar PV panels in zero-energy family building,2021.0,5339700,http://dx.doi.org/10.17770/etr2021vol1.6568,Yes (1),http://journals.rta.lv/index.php/ETR/article/view/6568
Electrification and energy efficiency in buildings: Policy implications and interactions,2021.0,5339701,http://dx.doi.org/10.1016/B978-0-12-822143-3.00004-4,Yes (1),https://linkinghub.elsevier.com/retrieve/pii/B9780128221433000044
Thermal and mechanical energy storage as a chance for energy transformation in Poland,2021.0,5339703,http://dx.doi.org/10.33223/EPJ/141867,Yes (1),"https://epj.min-pan.krakow.pl/Thermal-and-mechanical-energy-storage-as-a-chance-for-energy-transformation-in-Poland,141867,0,2.html"
A review of the basic safety requirements of emerging infrastructures for green transition,2021.0,5339706,http://dx.doi.org/10.3303/CET2186097,Yes (1),http://www.cetjournal.it/cet/21/86/097.pdf
Energy System Models for City Climate Mitigation Plans—Challenges and Recommendations,2021.0,5339713,http://dx.doi.org/10.1007/978-3-030-57764-3_2,Yes (1),https://link.springer.com/chapter/10.1007/978-3-030-57764-3_2
Introduction,2020.0,47533,http://dx.doi.org/10.18543/CED-62-2020PP25-29,Yes (1),https://ced.revistas.deusto.es/article/view/1751
Promises and Techno-Politics: Renewable Energy and Malmo's Vision of a Climate-Smart City,2020.0,3280208,http://dx.doi.org/10.1080/09505431.2019.1705274,Yes (1),https://www.tandfonline.com/doi/full/10.1080/09505431.2019.1705274
Projecting Climate Change Potential of Harvested Wood Products under Different Scenarios of Wood Production and Utilization: Study of Slovakia,2020.0,3546699,http://dx.doi.org/10.3390/su12062510,Yes (1),https://www.mdpi.com/2071-1050/12/6/2510/htm
Climate neutrality versus greenhouse gas neutrality. Challenges to cooperation in multi-level governance in Germany,2020.0,3596593,http://dx.doi.org/10.14512/gaia.29.1.7,Yes (1),https://www.ingentaconnect.com/content/oekom/gaia/2020/00000029/00000001/art00008;jsessionid=2b0fqi33b33ai.x-ic-live-03
Climate neutral enterprises and administration. Effective climate protection or greenwashing?,2020.0,3779032,http://dx.doi.org/10.14512/gaia.29.1.6,Yes (1),https://www.ingentaconnect.com/content/oekom/gaia/2020/00000029/00000001/art00007;jsessionid=1fog8d264dne0.x-ic-live-01
Introduction,2020.0,3779059,http://dx.doi.org/10.18543/ced-62-2020pp25-29,Yes (1),https://ced.revistas.deusto.es/article/view/1751
Catalyzing Sustainable Transport Innovation through Policy Support and Monitoring: The Case of TRIMIS and the European Green Deal,2020.0,3779778,http://dx.doi.org/10.3390/su12083171,Yes (1),https://www.mdpi.com/2071-1050/12/8/3171/htm
Analyzing Similarities between the European Union Countries in Terms of the Structure and Volume of Energy Production from Renewable Energy Sources,2020.0,3785743,http://dx.doi.org/10.3390/en13040913,Yes (1),https://www.mdpi.com/1996-1073/13/4/913/htm
New challenges for anesthesia due to the climate change,2020.0,3791834,http://dx.doi.org/10.1007/s00101-020-00770-1,Yes (1),https://link.springer.com/article/10.1007/s00101-020-00770-1
NATURAL GAS AND BIOMETHANE IN THE EUROPEAN ROAD TRANSPORT: THE LATVIAN PERSPECTIVE,2020.0,3806831,http://dx.doi.org/10.2478/lpts-2020-0016,Yes (1),https://www.sciendo.com/article/10.2478/lpts-2020-0016
Demonstrating GWP*: a means of reporting warming-equivalent emissions that captures the contrasting impacts of short- and long-lived climate pollutants,2020.0,3810348,http://dx.doi.org/10.1088/1748-9326/ab6d7e,Yes (1),"https://validate.perfdrive.com/?ssa=09c3ae8a-d1e9-408e-91bc-26d3b4eb6813&ssb=21601277609&ssc=https%3A%2F%2Fiopscience.iop.org%2Farticle%2F10.1088%2F1748-9326%2Fab6d7e&ssi=c69f9ed1-8427-4130-ab24-b4ba906e05d6&ssk=support@shieldsquare.com&ssm=88110571641891548101064319556713&ssn=d06d77adb2f72fdec5a066dc68ad539caf736d7943de-b2a7-46cd-a63286&sso=07dc3efa-3e828d54f881c0f3475f6c142065a2f82734c1a562799ee5&ssp=36738516201654070601165402677649430&ssq=57056881295686930857312956223449676949745&ssr=MTQ1LjI1My4xMTAuMjE4&sst=Mozilla/5.0%20(X11;%20Linux%20x86_64)%20AppleWebKit/537.36%20(KHTML,%20like%20Gecko)%20Chrome/101.0.4951.64%20Safari/537.36&ssv=&ssw=&ssx=W10="
Alnatura Campus - building the Alnatura Working Environment,2020.0,3812525,http://dx.doi.org/10.1002/bate.201900115,Yes (1),
The low carbon development options for Russia,2020.0,3834570,http://dx.doi.org/10.1007/s10584-020-02780-9,Yes (1),https://link.springer.com/article/10.1007/s10584-020-02780-9
How to Prioritize Energy Efficiency Intervention in Municipal Public Buildings to Decrease CO(2)Emissions? A Case Study from Italy,2020.0,3835469,http://dx.doi.org/10.3390/ijerph17124434,Yes (1),https://www.mdpi.com/1660-4601/17/12/4434/htm
Verfahrensubersicht zur Erzeugung von Wasserstoff durch Erdgas-PyrolyseState of the Art of Hydrogen Production via Pyrolysis of Natural Gas,2020.0,3849829,http://dx.doi.org/10.1002/cite.202000021,Yes (1),
What Does It Take to Go Net-Zero-CO2? A Life Cycle Assessment on Long-Term Storage of Intermittent Renewables With Chemical Energy Carriers,2020.0,3853316,http://dx.doi.org/10.3389/fenrg.2020.00104,Yes (1),https://www.frontiersin.org/articles/10.3389/fenrg.2020.00104/full
Technical Potential for Energy and GWP Reduction in Chemical-Pharmaceutical Industry in Germany and EU-Focused on Biologics and Botanicals Manufacturing,2020.0,3855868,http://dx.doi.org/10.3390/pr8070818,Yes (1),https://www.mdpi.com/2227-9717/8/7/818/htm
EU-28 Residential Heat Supply and Consumption: Historical Development and Status,2020.0,3861209,http://dx.doi.org/10.3390/en13081894,Yes (1),https://www.mdpi.com/1996-1073/13/8/1894/htm
At what carbon price forest cutting should stop,2020.0,3871997,http://dx.doi.org/10.1007/s11676-020-01101-1,Yes (1),https://link.springer.com/article/10.1007/s11676-020-01101-1
GHG Performance Evaluation in Green Deal Context,2020.0,3875685,http://dx.doi.org/10.2478/rtuect-2020-0026,Yes (1),https://www.sciendo.com/article/10.2478/rtuect-2020-0026
Ranking of Bioresources for Biogas Production,2020.0,3875838,http://dx.doi.org/10.2478/rtuect-2020-0021,Yes (1),https://www.sciendo.com/article/10.2478/rtuect-2020-0021
Digital Transformation Supporting Transport Decarbonisation: Technological Developments in EU-Funded Research and Innovation,2020.0,3878135,http://dx.doi.org/10.3390/su12093762,Yes (1),https://www.mdpi.com/2071-1050/12/9/3762/htm
"At scale, renewable natural gas systems could be climate intensive: the influence of methane feedstock and leakage rates",2020.0,3964842,http://dx.doi.org/10.1088/1748-9326/ab9335,Yes (1),"https://validate.perfdrive.com/?ssa=147d2418-0557-4442-80f9-88b12216b8ea&ssb=66099228293&ssc=https%3A%2F%2Fiopscience.iop.org%2Farticle%2F10.1088%2F1748-9326%2Fab9335&ssi=f84b459e-8427-4241-90c6-d8039fec4b6f&ssk=support@shieldsquare.com&ssm=20777338632481047102260478581486&ssn=6ee0727947af3a6fa532c36a1e23c533a0da5808956f-a338-466e-8061ac&sso=bea04e73-a00725873142d28fb1dc07b79b608625925e4182ce98e92c&ssp=87538715651654088618165409929300894&ssq=60048431296424859881412964077412157899607&ssr=MTQ1LjI1My4xMTAuMjE4&sst=Mozilla/5.0%20(X11;%20Linux%20x86_64)%20AppleWebKit/537.36%20(KHTML,%20like%20Gecko)%20Chrome/101.0.4951.64%20Safari/537.36&ssv=&ssw=&ssx=W10="
Dutch Hybrid Neighbourhoods of 1860-1910 in Heat Transition: The Case Study of Zeeheldenkwartier in The Hague,2020.0,4144672,http://dx.doi.org/10.3390/en13205255,Yes (1),https://www.mdpi.com/1996-1073/13/20/5255/htm
Electric light commercial vehicles: Are they the sleeping giant of electromobility?,2020.0,4154130,http://dx.doi.org/10.1016/j.trd.2020.102421,Yes (1),https://linkinghub.elsevier.com/retrieve/pii/S1361920920306088
Achieving a nearly zero energy district through integration of renewable energy: a case study in Valladolid (Spain),2020.0,4178677,http://dx.doi.org/10.6036/9694,Yes (1),https://www.revistadyna.com/search/achieving-a-nearly-zero-energy-district-through-integration-of-renewable-energy-a-case-study-in-vall
Secondary Bioactive Metabolites from Plant-Derived Food Byproducts through Ecopharmacognostic Approaches: A Bound Phenolic Case Study,2020.0,4199540,http://dx.doi.org/10.3390/plants9091060,Yes (1),https://www.mdpi.com/2223-7747/9/9/1060/htm
"Guilt-Tripping: On the Relation between Ethical Decisions, Climate Change and the Built Environment",2020.0,4201281,http://dx.doi.org/10.17645/up.v5i4.3301,Yes (1),https://www.cogitatiopress.com/urbanplanning/article/view/3301
A Methodological Integrated Approach to Analyse Climate Change Effects in Agri-Food Sector: The TIMES Water-Energy-Food Module,2020.0,4282497,http://dx.doi.org/10.3390/ijerph17217703,Yes (1),https://www.mdpi.com/1660-4601/17/21/7703/htm
State of the Art of Hydrogen Production via Pyrolysis of Natural Gas,2020.0,4372165,http://dx.doi.org/10.1002/cben.202000014,Yes (1),
"Methods to Optimize Carbon Footprint of Buildings in Regenerative Architectural Design with the Use of Machine Learning, Convolutional Neural Network, and Parametric Design",2020.0,4375412,http://dx.doi.org/10.3390/en13205289,Yes (1),https://www.mdpi.com/1996-1073/13/20/5289/htm
Advances Toward a Net-Zero Global Building Sector,2020.0,4376202,http://dx.doi.org/10.1146/annurev-environ-012420-045843,Yes (1),https://www.annualreviews.org/doi/10.1146/annurev-environ-012420-045843
The CO2 reduction potential for the European industry via direct electrification of heat supply (power-to-heat),2020.0,4376482,http://dx.doi.org/10.1088/1748-9326/abbd02,Yes (1),"https://validate.perfdrive.com/?ssa=ab4d1ee8-cb8d-4ebc-95a6-88d77996a6d5&ssb=79894228117&ssc=https%3A%2F%2Fiopscience.iop.org%2Farticle%2F10.1088%2F1748-9326%2Fabbd02&ssi=eae09c8a-8427-4534-bddd-7e305d57631a&ssk=support@shieldsquare.com&ssm=04456593066439906100942554155900&ssn=a0c2e0866e656881971a403df365e66f230eac540c1b-e854-4e96-867730&sso=ffb1545b-ae1c7490d8674cc10f742a3246c05a6ef6ad4acf16348f3b&ssp=26867676381654036421165405428858048&ssq=41314841297494059530612974432382162949910&ssr=MTQ1LjI1My4xMTAuMjE4&sst=Mozilla/5.0%20(X11;%20Linux%20x86_64)%20AppleWebKit/537.36%20(KHTML,%20like%20Gecko)%20Chrome/101.0.4951.64%20Safari/537.36&ssv=&ssw=&ssx=W10="
"Advances in integration of energy, water and environment systems towards climate neutrality for sustainable development",2020.0,4378338,http://dx.doi.org/10.1016/j.enconman.2020.113410,Yes (1),https://linkinghub.elsevier.com/retrieve/pii/S0196890420309456
"Exhaust Emissions and Energy Consumption Analysis of Conventional, Hybrid, and Electric Vehicles in Real Driving Cycles",2020.0,4378770,http://dx.doi.org/10.3390/en13236423,Yes (1),https://www.mdpi.com/1996-1073/13/23/6423/htm
Greenhouse Gases and Circular Economy Issues in Sustainability Reports from the Energy Sector in the European Union,2020.0,4381340,http://dx.doi.org/10.3390/en13225993,Yes (1),https://www.mdpi.com/1996-1073/13/22/5993/htm
Hydrogen Strategy for a Climate-Neutral Europe,2020.0,5053179,http://dx.doi.org/10.18668/NG.2020.12.09,Yes (1),
Measuring the impact of demand response services on electricity prices in Latvian electricity market,2020.0,5061872,http://dx.doi.org/10.1109/RTUCON51174.2020.9316485,Yes (1),https://ieeexplore.ieee.org/document/9316485/
An Approach to Environmental Criteria in Public Procurement for the Renovation of Buildings in Spain,2020.0,5202011,http://dx.doi.org/10.3390/su12187590,Yes (1),https://www.mdpi.com/2071-1050/12/18/7590/htm
Studying the Transition towards a Circular Bioeconomy-A Systematic Literature Review on Transition Studies and Existing Barriers,2020.0,5205030,http://dx.doi.org/10.3390/su12218990,Yes (1),https://www.mdpi.com/2071-1050/12/21/8990/htm
Coking Coal in the European Green Deal Strategy,2020.0,5205064,http://dx.doi.org/10.29227/IM-2020-02-47,Yes (1),
Change as a permanent condition: A history of transition processes in Dutch North Sea fisheries,2020.0,5225186,http://dx.doi.org/10.1016/j.marpol.2020.104245,Yes (1),https://linkinghub.elsevier.com/retrieve/pii/S0308597X20308915
Innovative alternatives for repowering offshore wind farms,2020.0,5228337,http://dx.doi.org/10.1088/1742-6596/1618/4/042037,Yes (1),"https://validate.perfdrive.com/?ssa=f025ec60-dd3c-4c87-807d-9784478312b3&ssb=12432257357&ssc=https%3A%2F%2Fiopscience.iop.org%2Farticle%2F10.1088%2F1742-6596%2F1618%2F4%2F042037&ssi=48a80539-8427-4b2c-b04d-126cb00febe0&ssk=support@shieldsquare.com&ssm=20127292116203606107504053908333&ssn=67b7b3a2b7752514bf321c2a3f3e5499fb8e6cdc7138-ca1c-47aa-81c955&sso=e4d51d6f-14282f6f992a9e59162866594544c27e0760273bf31a8ee6&ssp=11504529521654060067165405772571463&ssq=60364281298356581294612983600574631194074&ssr=MTQ1LjI1My4xMTAuMjE4&sst=Mozilla/5.0%20(X11;%20Linux%20x86_64)%20AppleWebKit/537.36%20(KHTML,%20like%20Gecko)%20Chrome/101.0.4951.64%20Safari/537.36&ssv=&ssw=&ssx=W10="
Fracture mechanics testing of irradiated RPV steels by means of sub-sized specimens: FRACTESUS project,2020.0,5245247,http://dx.doi.org/10.1016/j.prostr.2020.10.008,Yes (1),https://linkinghub.elsevier.com/retrieve/pii/S2452321620305084
Sustainable Development of Society in the Context of the Transformation of the Legal Framework,2020.0,5253683,http://dx.doi.org/10.14207/ejsd.2020.v9n4p181,Yes (1),http://ecsdev.org/ojs/index.php/ejsd/article/view/1129
Modelling the Integration of Residential Heat Demand and Demand Response in Power Systems with High Shares of Renewables,2020.0,5313440,http://dx.doi.org/10.3390/en13246628,Yes (1),https://www.mdpi.com/1996-1073/13/24/6628/htm
Dynamic Modeling of a Decarbonized District Heating System with CHP Plants in Electricity-Based Mode of Operation,2020.0,5318187,http://dx.doi.org/10.3390/en13164134,Yes (1),https://www.mdpi.com/1996-1073/13/16/4134/htm
New Hydrogen Strategies of Germany and the EU and Prospects for Cooperation with Russia,2020.0,5339453,http://dx.doi.org/10.15211/soveurope520206576,Yes (1),http://www.sov-europe.ru/images/pdf/2020/5-2020/Belov-5-20.pdf
European Green Deal - a challenge for the transformation of the Polish oil and gas industry,2020.0,5339551,http://dx.doi.org/10.18668/NG.2020.10.12,Yes (1),https://www.inig.pl/magazyn/nafta-gaz/Nafta-Gaz_2020-10_12.pdf
Storage of hydrogen in geological structures,2020.0,5339554,http://dx.doi.org/10.18668/NG.2020.11.04,Yes (1),
Developing Nordic Cooperation in Renewable Electricity Policy: Exploring Views from Finland and Sweden,2020.0,5339578,http://dx.doi.org/10.17645/pag.v8i4.3408,Yes (1),https://www.cogitatiopress.com/politicsandgovernance/article/view/3408
Impact of 15-day energy forecasts on the hydro-thermal scheduling of a future Nordic power system,2020.0,5339616,http://dx.doi.org/10.1016/j.energy.2019.116668,Yes (1),https://linkinghub.elsevier.com/retrieve/pii/S0360544219323631
Business Models in the context of carbon mitigation: New Questions and Approaches illustrated by the Example of Energy Performance Contracting in Germany.,2020.0,5339716,http://dx.doi.org/10.1088/1755-1315/588/2/022062,Yes (1),"https://validate.perfdrive.com/?ssa=9df39cf6-caae-4f7e-a805-4e95c94441fb&ssb=32798204531&ssc=https%3A%2F%2Fiopscience.iop.org%2Farticle%2F10.1088%2F1755-1315%2F588%2F2%2F022062&ssi=6793f596-8427-43fe-80c0-002d449d1f6a&ssk=support@shieldsquare.com&ssm=89827716377944110101959621791111&ssn=11642a813b8fb9e2581aceef88c1a1bff4fca0c6b8d5-5275-417f-a20fec&sso=08a8295c-06d5d699931f268d858ebda6be2e6971f769b2b51f0907ba&ssp=79003652821654068411165405144272094&ssq=69310001299371844918412993033335855383247&ssr=MTQ1LjI1My4xMTAuMjE4&sst=Mozilla/5.0%20(X11;%20Linux%20x86_64)%20AppleWebKit/537.36%20(KHTML,%20like%20Gecko)%20Chrome/101.0.4951.64%20Safari/537.36&ssv=&ssw=&ssx=W10="
Developments in the global hydrogen market: The spectrum of hydrogen colours,2020.0,5339717,http://dx.doi.org/10.1016/S1464-2859(20)30546-0,Yes (1),https://www.magonlinelibrary.com/doi/abs/10.1016/S1464-2859%2820%2930546-0
The role of Power-to-Gas and electrochemical storage systems in a climate-neutral energy system,2020.0,5339719,http://dx.doi.org/10.23919/AEIT50178.2020.9241118,Yes (1),https://ieeexplore.ieee.org/document/9241118/
Is the climate neutrality an illusion?,2020.0,5339720,http://dx.doi.org/10.1109/EEM49802.2020.9221964,Yes (1),https://ieeexplore.ieee.org/document/9221964/
Creating a climate action plan at cal poly Pomona,2020.0,5339732,http://dx.doi.org/10.4324/9780429290275-6,Yes (1),https://www.taylorfrancis.com/chapters/edit/10.4324/9780429290275-6/creating-climate-action-plan-cal-poly-pomona-richard-willson
European Green Deal – legal and financial challenges of the climate change,2020.0,5339734,http://dx.doi.org/10.1007/s12027-020-00637-3,Yes (1),https://link.springer.com/article/10.1007/s12027-020-00637-3
Climate neutral waste management options,2020.0,5339737,http://dx.doi.org/10.18412/1816-0395-2020-2-64-70,Yes (1),https://www.ecology-kalvis.ru/jour/article/view/1469
Conceptualization of an Indicator System for Assessing the Sustainability of the Bioeconomy,2019.0,1905872,http://dx.doi.org/10.3390/su11020443,Yes (1),https://www.mdpi.com/2071-1050/11/2/443/htm
How and to which extent can the gas sector contribute to a climate-neutral European energy system? A qualitative approach,2019.0,2113839,http://dx.doi.org/10.1186/s13705-019-0207-2,Yes (1),https://energsustainsoc.biomedcentral.com/articles/10.1186/s13705-019-0207-2
The role of science in forest policy-Experiences by EFI,2019.0,2282320,http://dx.doi.org/10.1016/j.forpol.2019.05.014,Yes (1),https://linkinghub.elsevier.com/retrieve/pii/S1389934119302539
Prospective Life Cycle Assessment of Large-Scale Biochar Production and Use for Negative Emissions in Stockholm,2019.0,2337822,http://dx.doi.org/10.1021/acs.est.9b01615,Yes (1),
How to Achieve a More Resource-Efficient and Climate-Neutral Energy System by 2030? Views of Nordic Stakeholders Palabras clave,2019.0,2368702,http://dx.doi.org/10.1111/ropr.12347,Yes (1),
Flobsion-Flexible Option with Benefit Sharing,2019.0,2391558,http://dx.doi.org/10.3390/ijfs7020022,Yes (1),https://www.mdpi.com/2227-7072/7/2/22/htm
Tourism and temperature effects on the electricity consumption of the hospitality sector,2019.0,2509236,http://dx.doi.org/10.1016/j.jclepro.2019.118168,Yes (1),https://linkinghub.elsevier.com/retrieve/pii/S0959652619330380
Pathways to climate-neutral shipping: A Danish case study,2019.0,3170862,http://dx.doi.org/10.1016/j.energy.2019.116009,Yes (1),https://linkinghub.elsevier.com/retrieve/pii/S0360544219317037
From path dependence to policy mixes for Nordic electric mobility: Lessons for accelerating future transport transitions,2019.0,3171052,http://dx.doi.org/10.1007/s11077-019-09361-3,Yes (1),https://link.springer.com/article/10.1007/s11077-019-09361-3
New business models to support sustainable development: The case of energy-efficiency measures in buildings,2019.0,4492250,http://dx.doi.org/10.1088/1755-1315/323/1/012166,Yes (1),"https://validate.perfdrive.com/?ssa=e5397cc4-3eff-4a4c-87ed-94153ba5f8e2&ssb=76367258226&ssc=https%3A%2F%2Fiopscience.iop.org%2Farticle%2F10.1088%2F1755-1315%2F323%2F1%2F012166&ssi=a5fe4430-8427-4678-ab9b-7a6179c03a97&ssk=support@shieldsquare.com&ssm=32721484775258268100387200773751&ssn=754f9a81f8dbeea69f70e818c9d8245f2f6120a49f30-3b85-4cd2-a725fa&sso=78e2ad03-a39c4d405af66e56a0314872a024c619aa0050cac15899fc&ssp=51460965621654046144165404415157880&ssq=50157231300922610282213009537569184209205&ssr=MTQ1LjI1My4xMTAuMjE4&sst=Mozilla/5.0%20(X11;%20Linux%20x86_64)%20AppleWebKit/537.36%20(KHTML,%20like%20Gecko)%20Chrome/101.0.4951.64%20Safari/537.36&ssv=&ssw=&ssx=W10="
Industrial Climate Neutrality in the EU: Outline of an Integrated Industrial Green Deal,2019.0,5339738,http://dx.doi.org/10.1007/s10272-019-0848-6,Yes (1),https://link.springer.com/article/10.1007/s10272-019-0848-6
"The EU Electricity Sector Will Need Reform, Again",2019.0,5339739,http://dx.doi.org/10.1007/s10272-019-0849-5,Yes (1),https://link.springer.com/article/10.1007/s10272-019-0849-5
Ten personal reflections on the difficult journey towards climate neutrality,2019.0,5339740,http://dx.doi.org/10.4324/9789276082569-10,Yes (1),https://www.taylorfrancis.com/chapters/oa-edit/10.4324/9789276082569-10/ten-personal-reflections-difficult-journey-towards-climate-neutrality-jos-delbeke
Production of agricultural biogas from waste – An element of socially responsible actions in the food sector,2019.0,5339741,http://dx.doi.org/10.32933/ActaInnovations.33.5,Yes (1),https://www.proakademia.eu/en/acta-innovations/find-issues/all-issues/all-articles/537.html
The challenge of improving energy efficiency in the building sector: Taking an in-depth look at decision-making on investments in energy-efficient refurbishments,2019.0,5339743,http://dx.doi.org/10.1016/B978-0-12-818567-4.00002-8,Yes (1),https://linkinghub.elsevier.com/retrieve/pii/B9780128185674000028
Introduction : A critical overview of the European National Energy and Climate Plans,2019.0,5339745,http://dx.doi.org/10.3280/EFE2019-001002,Yes (1),https://www.medra.org:443/servlet/MRService?hdl=10.3280/EFE2019-001002
Influence of Building Integrated Photovoltaic in Facades for the Energetic Evaluation of Buildings Part 2: Operating Performance of Building Integrated Photovoltaic in Facades in the Field - Free-Field Measurements,2018.0,892144,http://dx.doi.org/10.1002/bapi.201810009,Yes (1),
Sustainability Transitions at the Frontline. Lock-in and Potential for Change in the Local Planning Arena,2018.0,898269,http://dx.doi.org/10.3390/su10030840,Yes (1),https://www.mdpi.com/2071-1050/10/3/840/htm
"Effects of CMIP5 Projections on Volume Growth, Carbon Stock and Timber Yield in Managed Scots Pine, Norway Spruce and Silver Birch Stands under Southern and Northern Boreal Conditions",2018.0,899030,http://dx.doi.org/10.3390/f9040208,Yes (1),https://www.mdpi.com/1999-4907/9/4/208/htm
The world's first carbon neutral coffee: Lessons on certification and innovation from a pioneer case in Costa Rica,2018.0,901286,http://dx.doi.org/10.1016/j.jclepro.2018.03.226,Yes (1),https://linkinghub.elsevier.com/retrieve/pii/S095965261830903X
Coal with Carbon Capture and Sequestration is not as Land Use Efficient as Solar Photovoltaic Technology for Climate Neutral Electricity Production,2018.0,922095,http://dx.doi.org/10.1038/s41598-018-31505-3,Yes (1),https://www.nature.com/articles/s41598-018-31505-3
Smart cities: Under-gridding the sustainability of city-districts as energy efficient-low carbon zones,2018.0,1002370,http://dx.doi.org/10.1016/j.jclepro.2016.12.054,Yes (1),https://linkinghub.elsevier.com/retrieve/pii/S0959652616321096
Methods for optimising energy efficiency and renovation processes of complex public properties,2018.0,1056026,http://dx.doi.org/10.1016/j.enbuild.2017.12.060,Yes (1),https://linkinghub.elsevier.com/retrieve/pii/S0378778817327299
Beyond economicsunderstanding the decision-making of German small private landlords in terms of energy efficiency investment,2018.0,1083216,http://dx.doi.org/10.1007/s12053-017-9567-7,Yes (1),https://link.springer.com/article/10.1007/s12053-017-9567-7
The Energy & Raw Materials Factory: Role and Potential Contribution to the Circular Economy of the Netherlands,2018.0,1097455,http://dx.doi.org/10.1007/s00267-018-0995-8,Yes (1),https://link.springer.com/article/10.1007/s00267-018-0995-8
Integrating fast pyrolysis reactor with combined heat and power plant improves environmental and energy efficiency in bio-oil production,2018.0,1283915,http://dx.doi.org/10.1016/j.jclepro.2018.02.143,Yes (1),https://linkinghub.elsevier.com/retrieve/pii/S0959652618304566
Resistance classes for concrete - Consideration of a promising new concept,2018.0,1286710,http://dx.doi.org/10.1002/best.201700091,Yes (1),
Environmental impacts and risks of the national renewable energy targets - A review and a qualitative case study from Finland,2018.0,1290548,http://dx.doi.org/10.1016/j.rser.2017.05.146,Yes (1),https://linkinghub.elsevier.com/retrieve/pii/S1364032117307815
Modernization strategy for a carbon-neutral hospital,2018.0,1299706,http://dx.doi.org/10.1002/bapi.201810024,Yes (1),
Identifying business opportunities for green innovations: A quantitative foundation for accelerated micro-fuel cell diffusion in residential buildings,2018.0,1552055,http://dx.doi.org/10.1016/j.egyr.2017.12.002,Yes (1),https://linkinghub.elsevier.com/retrieve/pii/S2352484717301452
"COMMUNITY, CAMPUS, AND CLIMATE AT CENTRAL COMMUNITY COLLEGE-3C INITIATIVE",2018.0,2528276,http://dx.doi.org/10.3992/1943-4618.13.1.139,Yes (1),https://meridian.allenpress.com/jgb/article-abstract/13/1/139/116261/COMMUNITY-CAMPUS-AND-CLIMATE-AT-CENTRAL-COMMUNITY?redirectedFrom=fulltext
Waiting for the sun - can temporal flexibility in BEV charging avoid carbon emissions?,2018.0,5339746,http://dx.doi.org/10.1186/s42162-018-0026-2,Yes (1),https://energyinformatics.springeropen.com/articles/10.1186/s42162-018-0026-2
Environmental assessment of biomass gasification combined heat and power plants with absorptive and adsorptive carbon capture units in Norway,2017.0,222083,http://dx.doi.org/10.1016/j.ijggc.2016.11.025,Yes (1),https://linkinghub.elsevier.com/retrieve/pii/S1750583616308519
"Does infill outperform climate-adaptive growth policies in meeting sustainable urbanization goals? A scenario-based study in California, USA",2017.0,271294,http://dx.doi.org/10.1016/j.landurbplan.2016.08.013,Yes (1),https://linkinghub.elsevier.com/retrieve/pii/S0169204616301669
Strategic leadership for sustainability by higher education: the American College & University Presidents' Climate Commitment,2017.0,273289,http://dx.doi.org/10.1016/j.jclepro.2015.08.077,Yes (1),https://linkinghub.elsevier.com/retrieve/pii/S0959652615011683
Energy challenges: isolating results due to behavior change,2017.0,347951,http://dx.doi.org/10.1108/IJSHE-08-2015-0144,Yes (1),https://www.emerald.com/insight/content/doi/10.1108/IJSHE-08-2015-0144/full/html
The potential role of forest management in Swedish scenarios towards climate neutrality by mid century,2017.0,540561,http://dx.doi.org/10.1016/j.foreco.2016.07.015,Yes (1),https://linkinghub.elsevier.com/retrieve/pii/S0378112716303619
Review on available biogas upgrading technologies and innovations towards advanced solutions,2017.0,772187,http://dx.doi.org/10.1016/j.jclepro.2017.06.045,Yes (1),https://linkinghub.elsevier.com/retrieve/pii/S0959652617312143
Imagining the carbon neutral city: The (post)politics of time and space,2017.0,790342,http://dx.doi.org/10.1177/0308518X16680617,Yes (1),
Making climate change public? A dramaturgically inspired case-study of learning through transition management,2017.0,797859,http://dx.doi.org/10.1504/IJGW.2017.10005889,Yes (1),https://www.inderscience.com/offer.php?id=84786
Indicators and tools for assessing sustainability impacts of the forest bioeconomy,2017.0,1337179,http://dx.doi.org/10.1186/s40663-017-0089-8,Yes (1),https://forestecosyst.springeropen.com/articles/10.1186/s40663-017-0089-8
Uranium from Africa - An overview on past and current mining activities: Re-appraising associated risks and chances in a global context,2017.0,1372078,http://dx.doi.org/10.1016/j.jafrearsci.2016.12.004,Yes (1),https://linkinghub.elsevier.com/retrieve/pii/S1464343X16304022
Climate-neutral and sustainable campus Leuphana University of Lueneburg,2017.0,1526961,http://dx.doi.org/10.1016/j.energy.2017.08.039,Yes (1),https://linkinghub.elsevier.com/retrieve/pii/S0360544217314172
"Green, circular, bio economy: A comparative analysis of sustainability avenues",2017.0,1601301,http://dx.doi.org/10.1016/j.jclepro.2017.09.053,Yes (1),https://linkinghub.elsevier.com/retrieve/pii/S0959652617320425
"Towards zero climate emissions, zero waste, and one planet living - Testing the applicability of three indicators in Finnish cities",2017.0,1634404,http://dx.doi.org/10.1016/j.spc.2017.02.004,Yes (1),https://linkinghub.elsevier.com/retrieve/pii/S2352550917300118
"Understanding consumers' renewable energy behaviour beyond ""homo economicus"": An exploratory survey in four European countries",2017.0,1673166,http://dx.doi.org/10.1109/EEM.2017.7981932,Yes (1),https://ieeexplore.ieee.org/document/7981932/
Determination of biomass content in combusted municipal waste and associated CO2 emissions in Estonia,2017.0,1824390,http://dx.doi.org/10.1016/j.egypro.2017.09.059,Yes (1),https://linkinghub.elsevier.com/retrieve/pii/S1876610217339036
Decades of EU energy policy: towards politically driven markets,2017.0,5339611,http://dx.doi.org/10.1093/jwelb/jwx027,Yes (1),https://academic.oup.com/jwelb/article-abstract/10/5/380/4563549?redirectedFrom=fulltext
Elicitation formats and the WTA/WTP gap: A study of climate neutral foods,2016.0,212015,http://dx.doi.org/10.1016/j.foodpol.2016.03.001,Yes (1),https://linkinghub.elsevier.com/retrieve/pii/S0306919216300057
Carbon balance for wood production from sustainably managed forests,2016.0,219132,http://dx.doi.org/10.1016/j.biombioe.2016.05.025,Yes (1),https://linkinghub.elsevier.com/retrieve/pii/S0961953416301799
Selection and prioritization of mitigation measures to realize climate neutral operation of a water cycle company,2016.0,281539,http://dx.doi.org/10.2166/wcc.2015.026,Yes (1),https://iwaponline.com/jwcc/article-abstract/7/1/29/1954/Selection-and-prioritization-of-mitigation?redirectedFrom=fulltext
Determining national greenhouse gas emissions from waste-to-energy using the Balance Method,2016.0,668713,http://dx.doi.org/10.1016/j.wasman.2016.01.025,Yes (1),https://linkinghub.elsevier.com/retrieve/pii/S0956053X16300253
Crossing the chasm in Dutch greenhouse horticulture: the case of the New Cultivation concept,2016.0,1852364,http://dx.doi.org/10.17660/ActaHortic.2016.1132.10,Yes (1),https://www.actahort.org/books/1132/1132_10.htm
Climate Neutrality - Towards An Ethical Conception of Climate Neutrality,2016.0,2559768,http://dx.doi.org/10.1080/21550085.2016.1226241,Yes (1),https://www.tandfonline.com/doi/full/10.1080/21550085.2016.1226241
Forest Products Markets under Change: Review and Research Implications,2016.0,2616507,http://dx.doi.org/10.1007/s40725-016-0042-z,Yes (1),https://link.springer.com/article/10.1007/s40725-016-0042-z
Can we produce carbon and climate neutral forest bioenergy?,2015.0,54881,http://dx.doi.org/10.1111/gcbb.12134,Yes (1),
Anaerobic digestates lower N2O emissions compared to cattle slurry by affecting rate and product stoichiometry of denitrification - An N2O isotopomer case study,2015.0,106329,http://dx.doi.org/10.1016/j.soilbio.2015.01.021,Yes (1),https://linkinghub.elsevier.com/retrieve/pii/S0038071715000334
Biomass Energy and Climate Neutrality: The Case of the Northern Forest,2015.0,363682,http://dx.doi.org/10.3368/le.91.2.197,Yes (1),http://le.uwpress.org/content/91/2/197
Natural gas as a marine fuel,2015.0,560173,http://dx.doi.org/10.1016/j.enpol.2015.08.027,Yes (1),https://linkinghub.elsevier.com/retrieve/pii/S0301421515300665
Students as change agents in a town-wide sustainability transformation: the Oberlin Project at Oberlin College,2015.0,702746,http://dx.doi.org/10.1016/j.cosust.2015.07.005,Yes (1),https://linkinghub.elsevier.com/retrieve/pii/S187734351500069X
Zero emission targets as long-term global goals for climate protection,2015.0,725505,http://dx.doi.org/10.1088/1748-9326/10/10/105007,Yes (1),"https://validate.perfdrive.com/?ssa=ca92f3cc-05b1-4ff5-92b0-2ec43bdb20d1&ssb=24508277772&ssc=https%3A%2F%2Fiopscience.iop.org%2Farticle%2F10.1088%2F1748-9326%2F10%2F10%2F105007&ssi=6ba5e6db-8427-4510-843d-a9834b12b997&ssk=support@shieldsquare.com&ssm=21430434619576054102964670292779&ssn=ab8d5721e7a3c38a4a21ae1283162b0a798c4e2f1e85-57c5-4aa0-a20239&sso=8ababc3d-f4b629e128620dab4b1acb998fbabb41b237f20fd7b92206&ssp=05781524801654077440165409600953179&ssq=63239341305061433750513050864315866984730&ssr=MTQ1LjI1My4xMTAuMjE4&sst=Mozilla/5.0%20(X11;%20Linux%20x86_64)%20AppleWebKit/537.36%20(KHTML,%20like%20Gecko)%20Chrome/101.0.4951.64%20Safari/537.36&ssv=&ssw=&ssx=W10="
Economic and environmental assessment of liquefied natural gas as a supplemental aircraft fuel,2014.0,587342,http://dx.doi.org/10.1016/j.paerosci.2013.12.002,Yes (1),https://linkinghub.elsevier.com/retrieve/pii/S0376042113000900
A climate of change: A transition approach for climate neutrality in the city of Ghent (Belgium),2014.0,679497,http://dx.doi.org/10.1016/j.scs.2013.06.001,Yes (1),https://linkinghub.elsevier.com/retrieve/pii/S2210670713000395
"Achieving profitable, productive climate-neutral Swedish agriculture",2014.0,714941,http://dx.doi.org/10.5367/oa.2014.0182,Yes (1),
"Net environmental impacts of low-share wood pellet co-combustion in an existing coal-fired CHP (combined heat and power) production in Helsinki, Finland",2014.0,717460,http://dx.doi.org/10.1016/j.energy.2014.09.068,Yes (1),https://linkinghub.elsevier.com/retrieve/pii/S0360544214011268
Aerosol radiative forcing from the 2010 Eyjafjallajokull volcanic eruptions,2014.0,1438732,http://dx.doi.org/10.1002/2014JD021977,Yes (1),
Greening University Campus Buildings to Reduce Consumption and Emission While Fostering Hands-on Inquiry-Based Education,2014.0,1666263,http://dx.doi.org/10.1016/j.proenv.2014.03.036,Yes (1),https://linkinghub.elsevier.com/retrieve/pii/S1878029614000371
Global energy storage demand for a 100% renewable electricity supply,2014.0,1855041,http://dx.doi.org/10.1016/j.egypro.2014.01.154,Yes (1),https://linkinghub.elsevier.com/retrieve/pii/S1876610214001702
Climate-neutrality versus carbon-neutrality for aviation biofuel policy,2013.0,128181,http://dx.doi.org/10.1016/j.trd.2013.03.013,Yes (1),https://linkinghub.elsevier.com/retrieve/pii/S136192091300062X
The role of forest residues in the accounting for the global warming potential of bioenergy,2013.0,238347,http://dx.doi.org/10.1111/gcbb.12014,Yes (1),
The use of life cycle assessment for evaluating the sustainability of the Amsterdam water cycle,2013.0,372071,http://dx.doi.org/10.2166/wcc.2013.007,Yes (1),https://iwaponline.com/jwcc/article-abstract/4/2/103/3618/The-use-of-life-cycle-assessment-for-evaluating?redirectedFrom=fulltext
"The ""New Urban Europe"": Global Challenges and Local Responses in the Urban Century",2013.0,497367,http://dx.doi.org/10.1080/09654313.2012.716243,Yes (1),https://www.tandfonline.com/doi/abs/10.1080/09654313.2012.716243
Time-dependent climate impact of a bioenergy system - methodology development and application to Swedish conditions,2013.0,574427,http://dx.doi.org/10.1111/gcbb.12031,Yes (1),
N2O fluxes of a bio-energy poplar plantation during a two years rotation period,2013.0,604278,http://dx.doi.org/10.1111/gcbb.12019,Yes (1),
Efficacy of LEED-certification in reducing energy consumption and greenhouse gas emission for large New York City office buildings,2013.0,654413,http://dx.doi.org/10.1016/j.enbuild.2013.08.032,Yes (1),https://linkinghub.elsevier.com/retrieve/pii/S037877881300529X
Effects of digestate from anaerobically digested cattle slurry and plant materials on soil microbial community and emission of CO2 and N2O,2013.0,721227,http://dx.doi.org/10.1016/j.apsoil.2012.09.003,Yes (1),https://linkinghub.elsevier.com/retrieve/pii/S0929139312002260
Climate change mitigation by recovery of energy from the water cycle: a new challenge for water management,2012.0,134985,http://dx.doi.org/10.2166/wst.2011.820,Yes (1),https://iwaponline.com/wst/article-abstract/65/1/135/15727/Climate-change-mitigation-by-recovery-of-energy?redirectedFrom=fulltext
Towards a climate neutral water cycle,2012.0,362619,http://dx.doi.org/10.2166/wcc.2012.015,Yes (1),https://iwaponline.com/jwcc/article-abstract/3/3/163/3553/Towards-a-climate-neutral-water-cycle?redirectedFrom=fulltext
Biogas from renewable electricity - Increasing a climate neutral fuel supply,2012.0,648910,http://dx.doi.org/10.1016/j.apenergy.2011.07.024,Yes (1),https://linkinghub.elsevier.com/retrieve/pii/S0306261911004697
Biological treatment options for cyanobacteria metabolite removal - A review,2012.0,1527376,http://dx.doi.org/10.1016/j.watres.2011.11.018,Yes (1),https://linkinghub.elsevier.com/retrieve/pii/S0043135411006907
Usage of Biomass for Energetic Conversion,2011.0,426569,http://dx.doi.org/10.1002/cite.201100124,Yes (1),
CO2 emissions from biomass combustion for bioenergy: atmospheric decay and contribution to global warming,2011.0,738095,http://dx.doi.org/10.1111/j.1757-1707.2011.01102.x,Yes (1),
"Envisioning carbon capture and storage: expanded possibilities due to air capture, leakage insurance, and C-14 monitoring",2009.0,156932,http://dx.doi.org/10.1007/s10584-009-9632-0,Yes (1),https://link.springer.com/article/10.1007/s10584-009-9632-0
"Fischer-Tropsch diesel production in a well-to-wheel perspective: A carbon, energy flow and cost analysis",2009.0,423826,http://dx.doi.org/10.1016/j.enconman.2009.01.008,Yes (1),https://linkinghub.elsevier.com/retrieve/pii/S0196890409000041
Life cycle assessment of wood-based heating in Norway,2009.0,518771,http://dx.doi.org/10.1007/s11367-009-0086-4,Yes (1),https://link.springer.com/article/10.1007/s11367-009-0086-4
Palm oil and the emission of carbon-based greenhouse gases,2008.0,509148,http://dx.doi.org/10.1016/j.jclepro.2006.07.054,Yes (1),https://linkinghub.elsevier.com/retrieve/pii/S0959652606003593
Hazardous waste incineration in context with carbon dioxide,2008.0,568468,http://dx.doi.org/10.1177/0734242X07082339,Yes (1),
European Union waste management strategy and the importance of biogenic waste,2007.0,141460,http://dx.doi.org/10.1007/s10163-007-0178-9,Yes (1),https://link.springer.com/article/10.1007/s10163-007-0178-9
A Norwegian perspective on buildings and climate change,2007.0,494853,http://dx.doi.org/10.1080/09613210701269438,Yes (1),https://www.tandfonline.com/doi/abs/10.1080/09613210701269438
Intermittent renewable energy: The only future source of hydrogen?,2007.0,541248,http://dx.doi.org/10.1016/j.ijhydene.2006.12.008,Yes (1),https://linkinghub.elsevier.com/retrieve/pii/S036031990600615X
Frameworks and communication: Perspectives in tackling the climate change challenge for energy supply,1999.0,1854004,http://dx.doi.org/10.1016/B978-008043018-8/50082-5,Yes (1),https://linkinghub.elsevier.com/retrieve/pii/B9780080430188500825
CO2 removal and fixation solar high temperature syngas generation for fuel synthesis,1997.0,271909,http://dx.doi.org/10.1016/S0196-8904(96)00298-1,Yes (1),https://linkinghub.elsevier.com/retrieve/pii/S0196890496002981
Social discounting of orthogonal capital flow rates,1997.0,1399644,http://dx.doi.org/10.1016/S0360-3199(96)00215-7,Yes (1),https://linkinghub.elsevier.com/retrieve/pii/S0360319996002157
ON THE EVALUATION OF HALOCARBON RADIATIVE FORCING AND GLOBAL WARMING POTENTIALS,1995.0,564077,http://dx.doi.org/10.1029/94JD02516,Yes (1),
